/*
 Navicat Premium Data Transfer

 Source Server         : LocalHost
 Source Server Type    : MySQL
 Source Server Version : 80030 (8.0.30)
 Source Host           : localhost:3306
 Source Schema         : happyhome

 Target Server Type    : MySQL
 Target Server Version : 80030 (8.0.30)
 File Encoding         : 65001

 Date: 20/03/2024 22:02:01
*/

SET NAMES utf8mb4;
SET FOREIGN_KEY_CHECKS = 0;

-- ----------------------------
-- Table structure for collection
-- ----------------------------
DROP TABLE IF EXISTS `collection`;
CREATE TABLE `collection`  (
  `id` int NOT NULL AUTO_INCREMENT,
  `name` varchar(255) CHARACTER SET utf8mb4 COLLATE utf8mb4_unicode_ci NULL DEFAULT NULL,
  PRIMARY KEY (`id`) USING BTREE
) ENGINE = InnoDB AUTO_INCREMENT = 2 CHARACTER SET = utf8mb4 COLLATE = utf8mb4_unicode_ci ROW_FORMAT = DYNAMIC;

-- ----------------------------
-- Records of collection
-- ----------------------------
INSERT INTO `collection` VALUES (1, 'KOLDING Collection');

-- ----------------------------
-- Table structure for collection_detail
-- ----------------------------
DROP TABLE IF EXISTS `collection_detail`;
CREATE TABLE `collection_detail`  (
  `id_detail` int NOT NULL AUTO_INCREMENT,
  `id_collection` int NULL DEFAULT NULL,
  `id_product` int NULL DEFAULT NULL,
  PRIMARY KEY (`id_detail`) USING BTREE,
  INDEX `id_collect`(`id_collection` ASC) USING BTREE,
  INDEX `id_pro`(`id_product` ASC) USING BTREE,
  CONSTRAINT `collection_detail_ibfk_1` FOREIGN KEY (`id_collection`) REFERENCES `collection` (`id`) ON DELETE RESTRICT ON UPDATE RESTRICT,
  CONSTRAINT `collection_detail_ibfk_2` FOREIGN KEY (`id_product`) REFERENCES `products` (`product_id`) ON DELETE RESTRICT ON UPDATE RESTRICT
) ENGINE = InnoDB AUTO_INCREMENT = 6 CHARACTER SET = utf8mb4 COLLATE = utf8mb4_unicode_ci ROW_FORMAT = DYNAMIC;

-- ----------------------------
-- Records of collection_detail
-- ----------------------------
INSERT INTO `collection_detail` VALUES (1, 1, 1);
INSERT INTO `collection_detail` VALUES (2, 1, 2);
INSERT INTO `collection_detail` VALUES (3, 1, 3);
INSERT INTO `collection_detail` VALUES (4, 1, 4);
INSERT INTO `collection_detail` VALUES (5, 1, 5);

-- ----------------------------
-- Table structure for favorites
-- ----------------------------
DROP TABLE IF EXISTS `favorites`;
CREATE TABLE `favorites`  (
  `favorite_product_id` int NOT NULL AUTO_INCREMENT,
  `user_name` varchar(5) CHARACTER SET utf8mb4 COLLATE utf8mb4_unicode_ci NULL DEFAULT NULL,
  `product_id` int NULL DEFAULT NULL,
  PRIMARY KEY (`favorite_product_id`) USING BTREE,
  INDEX `fv_pro`(`product_id` ASC) USING BTREE,
  INDEX `fv_u`(`user_name` ASC) USING BTREE,
  CONSTRAINT `fv_pro` FOREIGN KEY (`product_id`) REFERENCES `products` (`product_id`) ON DELETE RESTRICT ON UPDATE RESTRICT,
  CONSTRAINT `fv_u` FOREIGN KEY (`user_name`) REFERENCES `users` (`user_name`) ON DELETE RESTRICT ON UPDATE RESTRICT
) ENGINE = InnoDB AUTO_INCREMENT = 8 CHARACTER SET = utf8mb4 COLLATE = utf8mb4_unicode_ci ROW_FORMAT = DYNAMIC;

-- ----------------------------
-- Records of favorites
-- ----------------------------
INSERT INTO `favorites` VALUES (1, 'dung4', 3);
INSERT INTO `favorites` VALUES (2, 'huyen', 8);
INSERT INTO `favorites` VALUES (3, 'huyen', 2);
INSERT INTO `favorites` VALUES (4, 'dung4', 11);
INSERT INTO `favorites` VALUES (5, 'huyen', 20);
INSERT INTO `favorites` VALUES (7, 'dung4', 2);

-- ----------------------------
-- Table structure for forget_password
-- ----------------------------
DROP TABLE IF EXISTS `forget_password`;
CREATE TABLE `forget_password`  (
  `uid` int NOT NULL,
  `token` varchar(128) CHARACTER SET utf8mb3 COLLATE utf8mb3_unicode_ci NOT NULL,
  `created_date` timestamp NULL DEFAULT NULL,
  `token_expiry` timestamp NULL DEFAULT NULL,
  PRIMARY KEY (`uid`, `token`) USING BTREE,
  UNIQUE INDEX `token`(`token` ASC) USING BTREE,
  CONSTRAINT `forget_password_ibfk_1` FOREIGN KEY (`uid`) REFERENCES `users` (`uid`) ON DELETE RESTRICT ON UPDATE RESTRICT
) ENGINE = InnoDB CHARACTER SET = utf8mb3 COLLATE = utf8mb3_unicode_ci ROW_FORMAT = DYNAMIC;

-- ----------------------------
-- Records of forget_password
-- ----------------------------
INSERT INTO `forget_password` VALUES (68, 'lsM1O5ksaiU-STkHUExdQvQji1NjZ3Qy', '2023-06-21 06:07:03', '2023-06-21 06:17:03');

-- ----------------------------
-- Table structure for images
-- ----------------------------
DROP TABLE IF EXISTS `images`;
CREATE TABLE `images`  (
  `img_id` int NOT NULL AUTO_INCREMENT,
  `product_id` int NULL DEFAULT NULL,
  `img_url` varchar(255) CHARACTER SET utf8mb4 COLLATE utf8mb4_unicode_ci NULL DEFAULT NULL,
  PRIMARY KEY (`img_id`) USING BTREE,
  INDEX `fkimg`(`product_id` ASC) USING BTREE,
  CONSTRAINT `fkimg` FOREIGN KEY (`product_id`) REFERENCES `products` (`product_id`) ON DELETE RESTRICT ON UPDATE RESTRICT
) ENGINE = InnoDB AUTO_INCREMENT = 494 CHARACTER SET = utf8mb4 COLLATE = utf8mb4_unicode_ci ROW_FORMAT = DYNAMIC;

-- ----------------------------
-- Records of images
-- ----------------------------
INSERT INTO `images` VALUES (1, 2, 'https://muasam365.net/pictures/picfullsizes/2021/10/05/hrf1633425690.jpg');
INSERT INTO `images` VALUES (2, 2, 'https://muasam365.net/pictures/picfullsizes/2021/10/05/bfc1633425690.jpg');
INSERT INTO `images` VALUES (3, 2, 'https://muasam365.net/pictures/picfullsizes/2021/10/05/xir1633425690.jpg');
INSERT INTO `images` VALUES (4, 2, 'https://muasam365.net/pictures/picfullsizes/2021/10/05/kbn1633425690.jpg');
INSERT INTO `images` VALUES (32, 3, 'https://product.hstatic.net/200000065946/product/pro_xanh_noi_that_moho_tu_giay_3_tang_1_6e7c124153fb4356b875a83fd8da49ad_master.jpg');
INSERT INTO `images` VALUES (33, 3, 'https://product.hstatic.net/200000065946/product/pro_xanh_noi_that_moho_tu_giay_3_tang_4_30494f0d458143b3ace631419107c607_master.jpg');
INSERT INTO `images` VALUES (34, 3, 'https://product.hstatic.net/200000065946/product/pro_xanh_noi_that_moho_tu_giay_3_tang_2_15fff5fbf8484f62a09ed140a5906028_master.jpg');
INSERT INTO `images` VALUES (35, 3, 'https://product.hstatic.net/200000065946/product/pro_xanh_noi_that_moho_tu_giay_3_tang_3_dfcd796e46fd4f11979fe085ad8611bb_master.jpg');
INSERT INTO `images` VALUES (36, 4, 'https://product.hstatic.net/200000065946/product/pro_mau_tu_nhien_ban_tra_sofa_go_tron_oslo_1_263a4ddc3999406b8c3ad6fe4120b654_master.jpg');
INSERT INTO `images` VALUES (37, 4, 'https://product.hstatic.net/200000065946/product/pro_mau_tu_nhien_ban_tra_sofa_go_tron_oslo_2_e36fb60e3892425bbad5ccb58590c8a1_master.jpg');
INSERT INTO `images` VALUES (38, 4, 'https://product.hstatic.net/200000065946/product/pro_mau_tu_nhien_ban_tra_sofa_go_tron_oslo_3_9edb73abacef40fb9379c591bf47fb13_master.jpg');
INSERT INTO `images` VALUES (39, 4, 'https://product.hstatic.net/200000065946/product/pro_mau_tu_nhien_ban_tra_sofa_go_tron_oslo_4_84cb419f08e1469b9cdf136885add625_master.jpg');
INSERT INTO `images` VALUES (40, 5, 'https://product.hstatic.net/200000065946/product/pro_nau_noi_that_moho_giuong_ngu_go_tram_vline_1m8_1_5211e7d2a3da44f58070de291c446400_master.jpg');
INSERT INTO `images` VALUES (41, 5, 'https://product.hstatic.net/200000065946/product/pro_nau_noi_that_moho_giuong_ngu_go_tram_vline_1m8_2_09e6f0afa7684efcbb049ae74aa0c183_master.jpg');
INSERT INTO `images` VALUES (42, 5, 'https://product.hstatic.net/200000065946/product/pro_nau_noi_that_moho_giuong_ngu_go_tram_vline_1m8_4_3a4d2a739c53492fb13cf2b06183f1fb_master.jpg');
INSERT INTO `images` VALUES (43, 5, 'https://product.hstatic.net/200000065946/product/pro_nau_noi_that_moho_giuong_ngu_go_tram_vline_1m8_3_bcf9f9d31e2f4ed59119bc0a146c1702_master.jpg');
INSERT INTO `images` VALUES (44, 6, 'https://product.hstatic.net/200000065946/product/pro_den_noi_that_moho_ghe_van_phong_chan_quy_1_e2e0f1d592c34753b5c755af1444ecc2_master.jpg');
INSERT INTO `images` VALUES (45, 6, 'https://product.hstatic.net/200000065946/product/pro_den_noi_that_moho_ghe_van_phong_chan_quy_2_847c0e08233e4c02bb7aef01493dacfe_master.jpg');
INSERT INTO `images` VALUES (46, 6, 'https://product.hstatic.net/200000065946/product/pro_den_noi_that_moho_ghe_van_phong_chan_quy_3_c232605a28a941439875a0dae3c10a1f_master.jpg');
INSERT INTO `images` VALUES (47, 6, 'https://product.hstatic.net/200000065946/product/pro_den_noi_that_moho_ghe_van_phong_chan_quy_4_ad8edfc784de4f73879b8b3781f97a4a_master.jpg');
INSERT INTO `images` VALUES (48, 7, 'https://product.hstatic.net/200000065946/product/pro_mau_tu_nhien_ghe_don_sofa_vline_dem_be_4_25293fd64e1146188437415b13cf2353_master.jpg');
INSERT INTO `images` VALUES (49, 7, 'https://product.hstatic.net/200000065946/product/pro_mau_tu_nhien_ghe_don_sofa_vline_dem_be_1_d25e7a0c9a874e9399c7b3ccaa137167_master.jpg');
INSERT INTO `images` VALUES (50, 7, 'https://product.hstatic.net/200000065946/product/pro_mau_tu_nhien_ghe_don_sofa_vline_dem_be_1_d25e7a0c9a874e9399c7b3ccaa137167_master.jpg');
INSERT INTO `images` VALUES (51, 7, 'https://product.hstatic.net/200000065946/product/pro_mau_tu_nhien_ghe_don_sofa_vline_dem_be_2_0ed87ab7bd2f481481ef950afb9a4e8d_master.jpg');
INSERT INTO `images` VALUES (52, 8, 'https://product.hstatic.net/200000065946/product/pro_mau_tu_nhien_ghe_an_go_cao_su_tu_nhien_nexo_1_6a5ac2217241473cb6978eac22fe5189_master.jpg');
INSERT INTO `images` VALUES (53, 8, 'https://product.hstatic.net/200000065946/product/pro_mau_tu_nhien_ghe_an_go_cao_su_tu_nhien_nexo_2_4404f143e77e4c8e90c5dbbff8abfa26_master.jpg');
INSERT INTO `images` VALUES (54, 8, 'https://product.hstatic.net/200000065946/product/pro_mau_tu_nhien_ghe_an_go_cao_su_tu_nhien_nexo_3_95f5411daeba45e59a30a8c40198056b_master.jpg');
INSERT INTO `images` VALUES (55, 8, 'https://product.hstatic.net/200000065946/product/pro_mau_tu_nhien_ghe_an_go_cao_su_tu_nhien_nexo_4_bed804a0b24b4c7988fe47be905df36c_master.jpg');
INSERT INTO `images` VALUES (56, 9, 'https://product.hstatic.net/200000065946/product/pro_cam_dat_noi_that_moho_ban_an_go_cao_su_odense_6_aaa7b6c7cc964c3c8cdeea305bb8f692_master.jpg');
INSERT INTO `images` VALUES (57, 9, 'https://product.hstatic.net/200000065946/product/pro_cam_dat_noi_that_moho_ban_an_go_cao_su_odense_1_792c0ebcacf24ab49f42e3b55eab0cff_master.jpg');
INSERT INTO `images` VALUES (58, 9, 'https://product.hstatic.net/200000065946/product/pro_cam_dat_noi_that_moho_ban_an_go_cao_su_odense_2_ab0a0d68db034ac385354c2cb9ffbbca_master.jpg');
INSERT INTO `images` VALUES (59, 9, 'https://product.hstatic.net/200000065946/product/pro_cam_dat_noi_that_moho_ban_an_go_cao_su_odense_3_af65932c768b40bfaf8298cda9366af9_master.jpg');
INSERT INTO `images` VALUES (60, 10, 'https://product.hstatic.net/200000065946/product/pro_mau_tu_nhien_noi_that_moho_ghe_an_go_viborg_trang_3_4af19c496b754183a4577bc8b558762d_master.jpg');
INSERT INTO `images` VALUES (61, 10, 'https://product.hstatic.net/200000065946/product/pro_mau_tu_nhien_noi_that_moho_ghe_an_go_viborg_trang_4_481442b439dc489692b8cf66ecc49e4f_master.jpg');
INSERT INTO `images` VALUES (62, 10, 'https://product.hstatic.net/200000065946/product/pro_mau_tu_nhien_noi_that_moho_ghe_an_go_viborg_trang_5_04bf44e734a7435094b31651a0ccff98_master.jpg');
INSERT INTO `images` VALUES (63, 10, 'https://product.hstatic.net/200000065946/product/pro_mau_tu_nhien_noi_that_moho_ghe_an_go_viborg_trang_6_8e3ec3e92a0b47fbae667b5fea0e27e4_master.jpg');
INSERT INTO `images` VALUES (64, 12, 'https://product.hstatic.net/200000065946/product/pro_den_noi_that_moho_ban_an_go_nyborg_6_c55ca9a6feab482991c5e641fab21ba7_master.jpg');
INSERT INTO `images` VALUES (65, 12, 'https://product.hstatic.net/200000065946/product/pro_den_noi_that_moho_ban_an_go_nyborg_1_260a21deeddc4d3fb8a2b5c38f0ca3c7_master.jpg');
INSERT INTO `images` VALUES (66, 12, 'https://product.hstatic.net/200000065946/product/pro_den_noi_that_moho_ban_an_go_nyborg_2_061674456d2847ae907d4d65af8224fc_master.jpg');
INSERT INTO `images` VALUES (67, 12, 'https://product.hstatic.net/200000065946/product/pro_den_noi_that_moho_ban_an_go_nyborg_3_f54ab62c01084fb4bc7283f9e143e563_master.jpg');
INSERT INTO `images` VALUES (68, 11, 'https://product.hstatic.net/200000065946/product/pro_den_noi_that_moho_ghe_an_go_nyborg_1_3466d41532124dee8fdaf9a0c314f9bf_master.jpg');
INSERT INTO `images` VALUES (69, 11, 'https://product.hstatic.net/200000065946/product/pro_den_noi_that_moho_ghe_an_go_nyborg_3_b391054648704f86b7aba316cc976d81_master.jpg');
INSERT INTO `images` VALUES (70, 11, 'https://product.hstatic.net/200000065946/product/pro_den_noi_that_moho_ghe_an_go_nyborg_4_624edf9545284128b364bf8850bb2556_master.jpg');
INSERT INTO `images` VALUES (71, 11, 'https://product.hstatic.net/200000065946/product/pro_den_noi_that_moho_ghe_an_go_nyborg_5_572b3dea20b74ca39ba3ed1be7e71414_master.jpg');
INSERT INTO `images` VALUES (73, 13, 'https://homeoffice.com.vn/images/detailed/35/sofa-bang-2m-nem-simili-sfb68041-01.jpg');
INSERT INTO `images` VALUES (74, 13, 'https://homeoffice.com.vn/images/detailed/35/sofa-bang-2m-nem-simili-sfb68041-02.jpg');
INSERT INTO `images` VALUES (75, 13, 'https://homeoffice.com.vn/images/detailed/35/sofa-bang-2m-nem-simili-sfb68041-03.jpg');
INSERT INTO `images` VALUES (76, 13, 'https://homeoffice.com.vn/images/detailed/35/sofa-bang-2m-nem-simili-sfb68041-04.jpg');
INSERT INTO `images` VALUES (77, 14, 'https://homeoffice.com.vn/images/thumbnails/640/640/detailed/61/ghe-cafe-nem-simili-khung-sat-ttg014-02a.jpg');
INSERT INTO `images` VALUES (78, 14, 'https://homeoffice.com.vn/images/thumbnails/640/640/detailed/61/ghe-cafe-nem-simili-khung-sat-ttg014-03a.jpg');
INSERT INTO `images` VALUES (79, 14, 'https://homeoffice.com.vn/images/thumbnails/640/640/detailed/61/ghe-cafe-nem-simili-khung-sat-ttg014-04a.jpg');
INSERT INTO `images` VALUES (80, 14, 'https://homeoffice.com.vn/images/thumbnails/640/640/detailed/61/ghe-cafe-nem-simili-khung-sat-ttg014-05a.jpg');
INSERT INTO `images` VALUES (81, 15, 'https://homeoffice.com.vn/images/detailed/61/sofa-don-GSD68064-02a.jpg');
INSERT INTO `images` VALUES (82, 15, 'https://homeoffice.com.vn/images/detailed/61/sofa-don-GSD68064-03a.jpg');
INSERT INTO `images` VALUES (83, 15, 'https://homeoffice.com.vn/images/detailed/61/sofa-don-GSD68064-04a.jpg');
INSERT INTO `images` VALUES (84, 15, 'https://homeoffice.com.vn/images/detailed/61/sofa-don-GSD68064-05a.jpg');
INSERT INTO `images` VALUES (85, 16, 'https://homeoffice.com.vn/images/detailed/60/tu-trang-tri-ktb68123-04a.jpg');
INSERT INTO `images` VALUES (86, 16, 'https://homeoffice.com.vn/images/thumbnails/640/640/detailed/60/tu-trang-tri-ktb68123-05a.jpg');
INSERT INTO `images` VALUES (87, 16, 'https://homeoffice.com.vn/images/thumbnails/640/640/detailed/60/tu-trang-tri-ktb68123-06a.jpg');
INSERT INTO `images` VALUES (88, 16, 'https://homeoffice.com.vn/images/thumbnails/640/640/detailed/60/tu-trang-tri-ktb68123-07a.jpg');
INSERT INTO `images` VALUES (89, 17, 'https://homeoffice.com.vn/images/detailed/57/tu-trang-tri-ktb68119-12.jpg');
INSERT INTO `images` VALUES (90, 17, 'https://homeoffice.com.vn/images/detailed/57/tu-trang-tri-ktb68119-11.png');
INSERT INTO `images` VALUES (91, 17, 'https://homeoffice.com.vn/images/detailed/57/tu-trang-tri-ktb68119-13.jpg');
INSERT INTO `images` VALUES (92, 17, 'https://homeoffice.com.vn/images/detailed/57/tu-trang-tri-ktb68119-14.jpg');
INSERT INTO `images` VALUES (93, 18, 'https://homeoffice.com.vn/images/detailed/53/sofa-bang-phong-cach-indochine-sfb68060-04.jpg');
INSERT INTO `images` VALUES (94, 18, 'https://homeoffice.com.vn/images/detailed/53/sofa-bang-phong-cach-indochine-sfb68060-05.jpg');
INSERT INTO `images` VALUES (95, 18, 'https://homeoffice.com.vn/images/detailed/53/sofa-bang-phong-cach-indochine-sfb68060-06.jpg');
INSERT INTO `images` VALUES (96, 18, 'https://homeoffice.com.vn/images/detailed/53/sofa-bang-phong-cach-indochine-sfb68060-01.png');
INSERT INTO `images` VALUES (97, 19, 'https://homeoffice.com.vn/images/detailed/33/ban-sofa-2-tang-07.jpg');
INSERT INTO `images` VALUES (98, 19, 'https://homeoffice.com.vn/images/detailed/33/ban-sofa-2-tang-02.jpg');
INSERT INTO `images` VALUES (99, 19, 'https://homeoffice.com.vn/images/detailed/33/ban-sofa-2-tang-03.jpg');
INSERT INTO `images` VALUES (100, 19, 'https://homeoffice.com.vn/images/detailed/33/ban-sofa-2-tang-04.jpg');
INSERT INTO `images` VALUES (101, 20, 'https://homeoffice.com.vn/images/detailed/8/giuong-ngu-ferro-2.jpg');
INSERT INTO `images` VALUES (102, 20, 'https://homeoffice.com.vn/images/detailed/8/giuong-ngu-ferro-1.jpg');
INSERT INTO `images` VALUES (103, 20, 'https://homeoffice.com.vn/images/detailed/8/giuong-ngu-ferro-3.jpg');
INSERT INTO `images` VALUES (104, 20, 'https://homeoffice.com.vn/images/detailed/8/giuong-ngu-ferro-%C3%B4.jpg');
INSERT INTO `images` VALUES (105, 1, 'https://homeoffice.com.vn/images/thumbnails/640/640/detailed/58/sofa-bang-SFB68071-05.jpg');
INSERT INTO `images` VALUES (106, 1, 'https://homeoffice.com.vn/images/thumbnails/640/640/detailed/58/sofa-bang-SFB68071-06.jpg');
INSERT INTO `images` VALUES (227, 1, 'https://homeoffice.com.vn/images/thumbnails/640/640/detailed/58/sofa-bang-SFB68071-02.jpg');
INSERT INTO `images` VALUES (228, 1, 'https://homeoffice.com.vn/images/thumbnails/640/640/detailed/58/sofa-bang-SFB68071-04.jpg');
INSERT INTO `images` VALUES (233, 25, 'https://homeoffice.com.vn/images/detailed/67/ban-lam-viec-don-gian-go-keo-2.jpg');
INSERT INTO `images` VALUES (234, 25, 'https://homeoffice.com.vn/images/detailed/67/ban-lam-viec-don-gian-go-keo-3.jpg');
INSERT INTO `images` VALUES (235, 25, 'https://homeoffice.com.vn/images/thumbnails/640/640/detailed/67/ban-lam-viec-don-gian-go-keo-4.jpg');
INSERT INTO `images` VALUES (236, 25, 'https://homeoffice.com.vn/images/thumbnails/640/640/detailed/67/ban-lam-viec-don-gian-go-keo-6.jpg');
INSERT INTO `images` VALUES (237, 26, 'https://homeoffice.com.vn/images/thumbnails/640/640/detailed/68/ban-lam-viec-wooden-chan-sat-chu-a-he-minimal-5.jpg');
INSERT INTO `images` VALUES (238, 26, 'https://homeoffice.com.vn/images/thumbnails/640/640/detailed/68/ban-lam-viec-wooden-chan-sat-chu-a-he-minimal-10.jpg');
INSERT INTO `images` VALUES (239, 26, 'https://homeoffice.com.vn/images/thumbnails/640/640/detailed/68/ban-lam-viec-wooden-chan-sat-chu-a-he-minimal-6.jpg');
INSERT INTO `images` VALUES (240, 26, 'https://homeoffice.com.vn/images/detailed/68/ban-lam-viec-wooden-chan-sat-chu-a-he-minimal-2.jpg');
INSERT INTO `images` VALUES (241, 27, 'https://homeoffice.com.vn/images/thumbnails/640/640/detailed/39/ban-lam-viec-go-tram-canh-gian-he-aconcept-HBWD046-02.jpg');
INSERT INTO `images` VALUES (242, 27, 'https://homeoffice.com.vn/images/thumbnails/640/640/detailed/39/ban-lam-viec-go-tram-canh-gian-he-aconcept-HBWD046-01.jpg');
INSERT INTO `images` VALUES (243, 27, 'https://homeoffice.com.vn/images/thumbnails/640/640/detailed/39/ban-lam-viec-go-tram-canh-gian-he-aconcept-HBWD046-03.jpg');
INSERT INTO `images` VALUES (244, 27, 'https://homeoffice.com.vn/images/thumbnails/640/640/detailed/39/ban-lam-viec-go-tram-canh-gian-he-aconcept-HBWD046-06.jpg');
INSERT INTO `images` VALUES (245, 28, 'https://homeoffice.com.vn/images/detailed/64/ban-120x60cm-go-plywood-he-ychi-HBYC013-02.jpg');
INSERT INTO `images` VALUES (246, 28, 'https://homeoffice.com.vn/images/thumbnails/640/640/detailed/64/ban-120x60cm-go-plywood-he-ychi-HBYC013-03.jpg');
INSERT INTO `images` VALUES (247, 28, 'https://homeoffice.com.vn/images/thumbnails/640/640/detailed/64/ban-120x60cm-go-plywood-he-ychi-HBYC013-04.jpg');
INSERT INTO `images` VALUES (248, 28, 'https://homeoffice.com.vn/images/thumbnails/640/640/detailed/64/ban-120x60cm-go-plywood-he-ychi-HBYC013-05.jpg');
INSERT INTO `images` VALUES (249, 29, 'https://homeoffice.com.vn/images/thumbnails/640/640/detailed/60/ghe-chan-xoay-hogvp149-01a.jpg');
INSERT INTO `images` VALUES (250, 29, 'https://homeoffice.com.vn/images/thumbnails/640/640/detailed/63/ghe-chan-xoay-hogvp149-09.jpg');
INSERT INTO `images` VALUES (251, 29, 'https://homeoffice.com.vn/images/thumbnails/640/640/detailed/60/ghe-chan-xoay-hogvp149-02a.jpg');
INSERT INTO `images` VALUES (252, 29, 'https://homeoffice.com.vn/images/thumbnails/640/640/detailed/60/ghe-chan-xoay-hogvp149-03a.jpg');
INSERT INTO `images` VALUES (253, 30, 'https://homeoffice.com.vn/images/thumbnails/640/640/detailed/60/ghe-lam-viec-gak673x-01a.jpg');
INSERT INTO `images` VALUES (254, 30, 'https://homeoffice.com.vn/images/thumbnails/640/640/detailed/60/ghe-lam-viec-gak673x-02a.jpg');
INSERT INTO `images` VALUES (255, 30, 'https://homeoffice.com.vn/images/detailed/60/ghe-lam-viec-gak673x-03a.jpg');
INSERT INTO `images` VALUES (256, 30, 'https://homeoffice.com.vn/images/detailed/60/ghe-lam-viec-gak673x-04a.jpg');
INSERT INTO `images` VALUES (257, 31, 'https://homeoffice.com.vn/images/detailed/60/ghe-lam-viec-gak188-mau-nau-01.jpg');
INSERT INTO `images` VALUES (258, 31, 'https://homeoffice.com.vn/images/thumbnails/640/640/detailed/60/ghe-lam-viec-gak188-01.jpg');
INSERT INTO `images` VALUES (259, 31, 'https://homeoffice.com.vn/images/thumbnails/640/640/detailed/60/ghe-lam-viec-gak188-08.jpg');
INSERT INTO `images` VALUES (260, 31, 'https://homeoffice.com.vn/images/thumbnails/640/640/detailed/60/ghe-lam-viec-gak188-02a.jpg');
INSERT INTO `images` VALUES (261, 32, 'https://homeoffice.com.vn/images/thumbnails/640/640/detailed/66/ke-sach-go-mini-di-dong-2.jpg');
INSERT INTO `images` VALUES (262, 32, 'https://homeoffice.com.vn/images/thumbnails/640/640/detailed/66/ke-sach-go-mini-di-dong-3.jpg');
INSERT INTO `images` VALUES (263, 32, 'https://homeoffice.com.vn/images/thumbnails/640/640/detailed/66/ke-sach-go-mini-di-dong-3.jpg');
INSERT INTO `images` VALUES (264, 32, 'https://homeoffice.com.vn/images/thumbnails/640/640/detailed/66/ke-sach-go-mini-di-dong-5.jpg');
INSERT INTO `images` VALUES (265, 33, 'https://homeoffice.com.vn/images/thumbnails/640/640/detailed/60/tu-trung-bay-go-tu-nhien-ktb68127-01.jpg');
INSERT INTO `images` VALUES (266, 33, 'https://homeoffice.com.vn/images/thumbnails/640/640/detailed/60/tu-trung-bay-go-tu-nhien-ktb68127-02.jpg');
INSERT INTO `images` VALUES (267, 33, 'https://homeoffice.com.vn/images/detailed/60/tu-trung-bay-go-tu-nhien-ktb68127-03a.jpg');
INSERT INTO `images` VALUES (268, 33, 'https://homeoffice.com.vn/images/thumbnails/640/640/detailed/60/tu-trung-bay-go-tu-nhien-ktb68127-04a.jpg');
INSERT INTO `images` VALUES (269, 34, 'https://homeoffice.com.vn/images/thumbnails/640/640/detailed/65/ke-sach-nho-don-gian-go-1.jpg');
INSERT INTO `images` VALUES (270, 34, 'https://homeoffice.com.vn/images/thumbnails/640/640/detailed/65/ke-sach-nho-don-gian-go-2.jpg');
INSERT INTO `images` VALUES (271, 34, 'https://homeoffice.com.vn/images/thumbnails/640/640/detailed/65/ke-sach-nho-don-gian-go-2_a2sg-ff.jpg');
INSERT INTO `images` VALUES (272, 34, 'https://homeoffice.com.vn/images/thumbnails/640/640/detailed/65/ke-sach-nho-don-gian-go-3.jpg');
INSERT INTO `images` VALUES (273, 35, 'https://homeoffice.com.vn/images/thumbnails/640/640/detailed/66/ghe-cafe-tung-tua-boc-nem-chan-sat-son-tinh-dien-2.jpg');
INSERT INTO `images` VALUES (274, 35, 'https://homeoffice.com.vn/images/thumbnails/640/640/detailed/66/ghe-cafe-tung-tua-boc-nem-chan-sat-son-tinh-dien-2.jpg');
INSERT INTO `images` VALUES (275, 35, 'https://homeoffice.com.vn/images/thumbnails/640/640/detailed/66/ghe-cafe-tung-tua-boc-nem-chan-sat-son-tinh-dien-3.jpg');
INSERT INTO `images` VALUES (276, 35, 'https://homeoffice.com.vn/images/thumbnails/640/640/detailed/66/ghe-cafe-tung-tua-boc-nem-chan-sat-son-tinh-dien-3_v2jk-de.jpg');
INSERT INTO `images` VALUES (277, 36, 'https://homeoffice.com.vn/images/thumbnails/640/640/detailed/67/ghe-xep-cafe-lung-cao-2.jpg');
INSERT INTO `images` VALUES (278, 36, 'https://homeoffice.com.vn/images/thumbnails/640/640/detailed/67/ghe-xep-cafe-lung-cao-5.jpg');
INSERT INTO `images` VALUES (279, 36, 'https://homeoffice.com.vn/images/detailed/67/ghe-xep-cafe-lung-cao-6.jpg');
INSERT INTO `images` VALUES (280, 36, 'https://homeoffice.com.vn/images/thumbnails/640/640/detailed/67/ghe-xep-cafe-lung-cao-6_lry5-v1.jpg');
INSERT INTO `images` VALUES (281, 37, 'https://homeoffice.com.vn/images/detailed/65/ghe-don-tron-bang-go-cao-su-3.jpg');
INSERT INTO `images` VALUES (282, 37, 'https://homeoffice.com.vn/images/thumbnails/640/640/detailed/65/ghe-don-tron-bang-go-cao-su-3.jpg');
INSERT INTO `images` VALUES (283, 37, 'https://homeoffice.com.vn/images/thumbnails/640/640/detailed/65/ghe-don-tron-bang-go-cao-su-4.jpg');
INSERT INTO `images` VALUES (284, 37, 'https://homeoffice.com.vn/images/thumbnails/640/640/detailed/65/ghe-don-tron-bang-go-cao-su-5.jpg');
INSERT INTO `images` VALUES (285, 38, 'https://homeoffice.com.vn/images/thumbnails/640/640/detailed/33/ban-an-tron-chan-sat-ba68044-1.jpg');
INSERT INTO `images` VALUES (286, 38, 'https://homeoffice.com.vn/images/thumbnails/640/640/detailed/33/ban-an-tron-chan-sat-ba68044-2.jpg');
INSERT INTO `images` VALUES (287, 38, 'https://homeoffice.com.vn/images/thumbnails/640/640/detailed/33/ban-an-tron-chan-sat-ba68044-03.jpg');
INSERT INTO `images` VALUES (288, 38, 'https://homeoffice.com.vn/images/thumbnails/640/640/detailed/33/ban-an-tron-chan-sat-ba68044-04.jpg');
INSERT INTO `images` VALUES (289, 39, 'https://homeoffice.com.vn/images/thumbnails/640/640/detailed/21/ban-an-vuong-70cm.jpeg');
INSERT INTO `images` VALUES (290, 39, 'https://homeoffice.com.vn/images/thumbnails/640/640/detailed/21/ban-cafe-uban-CFD68033-02.jpg');
INSERT INTO `images` VALUES (291, 39, 'https://homeoffice.com.vn/images/detailed/21/ban-cafe-uban-CFD68033-03.jpg');
INSERT INTO `images` VALUES (292, 39, 'https://homeoffice.com.vn/images/thumbnails/640/640/detailed/21/ban-cafe-uban-CFD68033-04.jpg');
INSERT INTO `images` VALUES (293, 40, 'https://homeoffice.com.vn/images/thumbnails/640/640/detailed/65/giuong-tang-khung-sat-hien-dai-5.jpg');
INSERT INTO `images` VALUES (294, 40, 'https://homeoffice.com.vn/images/thumbnails/640/640/detailed/65/giuong-tang-khung-sat-hien-dai-2.jpg');
INSERT INTO `images` VALUES (295, 40, 'https://homeoffice.com.vn/images/thumbnails/640/640/detailed/65/giuong-tang-khung-sat-hien-dai-3.jpg');
INSERT INTO `images` VALUES (296, 40, 'https://homeoffice.com.vn/images/thumbnails/640/640/detailed/65/giuong-tang-khung-sat-hien-dai-4.jpg');
INSERT INTO `images` VALUES (297, 41, 'https://homeoffice.com.vn/images/thumbnails/640/640/detailed/35/giuong-ngu-doi-co-hoc-keo-gn68035-01.jpg');
INSERT INTO `images` VALUES (298, 41, 'https://homeoffice.com.vn/images/thumbnails/640/640/detailed/35/giuong-ngu-doi-co-hoc-keo-gn68035-02.jpg');
INSERT INTO `images` VALUES (299, 41, 'https://homeoffice.com.vn/images/thumbnails/640/640/detailed/35/giuong-ngu-doi-co-hoc-keo-gn68035-03.jpg');
INSERT INTO `images` VALUES (300, 41, 'https://homeoffice.com.vn/images/thumbnails/640/640/detailed/35/giuong-ngu-doi-co-hoc-keo-gn68035-04.jpg');
INSERT INTO `images` VALUES (301, 42, 'https://homeoffice.com.vn/images/thumbnails/640/640/detailed/35/giuong-ket-hop-tu-quan-ao-gt009-01.jpg');
INSERT INTO `images` VALUES (302, 42, 'https://homeoffice.com.vn/images/thumbnails/640/640/detailed/35/giuong-ket-hop-tu-quan-ao-gt009-02.jpg');
INSERT INTO `images` VALUES (303, 42, 'https://homeoffice.com.vn/images/thumbnails/640/640/detailed/35/giuong-ket-hop-tu-quan-ao-gt009-03.jpg');
INSERT INTO `images` VALUES (304, 42, 'https://homeoffice.com.vn/images/detailed/35/giuong-ket-hop-tu-quan-ao-gt009-04.jpg');
INSERT INTO `images` VALUES (305, 43, 'https://homeoffice.com.vn/images/thumbnails/640/640/detailed/35/giuong-tang-go-khung-sat-GT012-02a.jpg');
INSERT INTO `images` VALUES (306, 43, 'https://homeoffice.com.vn/images/thumbnails/640/640/detailed/36/giuong-tang-go-khung-sat-GT012-03.jpg');
INSERT INTO `images` VALUES (307, 43, 'https://homeoffice.com.vn/images/thumbnails/640/640/detailed/36/giuong-tang-go-khung-sat-GT012-04.jpg');
INSERT INTO `images` VALUES (308, 43, 'https://homeoffice.com.vn/images/thumbnails/640/640/detailed/36/giuong-tang-go-khung-sat-GT012-05.jpg');
INSERT INTO `images` VALUES (309, 44, 'https://homeoffice.com.vn/images/thumbnails/640/640/detailed/5/ke-treo-do-ong-nuoc-KTD68004-02.jpg');
INSERT INTO `images` VALUES (310, 44, 'https://homeoffice.com.vn/images/thumbnails/640/640/detailed/5/ke-treo-do-ong-nuoc-KTD68004-03.jpg');
INSERT INTO `images` VALUES (311, 44, 'https://homeoffice.com.vn/images/thumbnails/640/640/detailed/5/ke-treo-do-ong-nuoc-KTD68004-04.jpg');
INSERT INTO `images` VALUES (312, 44, 'https://homeoffice.com.vn/images/thumbnails/640/640/detailed/5/ke-treo-do-ong-nuoc-KTD68004-05.jpg');
INSERT INTO `images` VALUES (313, 45, 'https://homeoffice.com.vn/images/detailed/65/ke-trang-tri-co-ngan-de-cay-xanh-2.jpg');
INSERT INTO `images` VALUES (314, 45, 'https://homeoffice.com.vn/images/thumbnails/640/640/detailed/65/ke-trang-tri-co-ngan-de-cay-xanh-3.jpg');
INSERT INTO `images` VALUES (315, 45, 'https://homeoffice.com.vn/images/thumbnails/640/640/detailed/65/ke-trang-tri-co-ngan-de-cay-xanh-4.jpg');
INSERT INTO `images` VALUES (316, 45, 'https://homeoffice.com.vn/images/thumbnails/640/640/detailed/65/ke-trang-tri-co-ngan-de-cay-xanh-5.jpg');
INSERT INTO `images` VALUES (317, 47, 'https://homeoffice.com.vn/images/thumbnails/640/640/detailed/64/ke-giay-kg68069-07.jpg');
INSERT INTO `images` VALUES (318, 47, 'https://homeoffice.com.vn/images/thumbnails/640/640/detailed/64/ke-giay-kg68069-02.jpg');
INSERT INTO `images` VALUES (319, 47, 'https://homeoffice.com.vn/images/thumbnails/640/640/detailed/64/ke-giay-kg68069-03.jpg');
INSERT INTO `images` VALUES (320, 47, 'https://homeoffice.com.vn/images/thumbnails/640/640/detailed/64/ke-giay-kg68069-04.jpg');
INSERT INTO `images` VALUES (321, 46, 'https://homeoffice.com.vn/images/thumbnails/640/640/detailed/58/ke-giay-KG68060-02_52jr-ae.jpg');
INSERT INTO `images` VALUES (322, 46, 'https://homeoffice.com.vn/images/thumbnails/640/640/detailed/58/ke-giay-KG68060-03_18i1-az.jpg');
INSERT INTO `images` VALUES (323, 46, 'https://homeoffice.com.vn/images/thumbnails/640/640/detailed/58/ke-giay-KG68060-04_pmh1-fd.jpg');
INSERT INTO `images` VALUES (324, 46, 'https://homeoffice.com.vn/images/thumbnails/640/640/detailed/58/ke-giay-KG68060-06.jpg');
INSERT INTO `images` VALUES (325, 47, 'https://homeoffice.com.vn/images/thumbnails/640/640/detailed/56/ke-sach-KS68167-3.jpg');
INSERT INTO `images` VALUES (326, 47, 'https://homeoffice.com.vn/images/thumbnails/640/640/detailed/56/ke-sach-KS68167-7.jpg');
INSERT INTO `images` VALUES (327, 47, 'https://homeoffice.com.vn/images/thumbnails/640/640/detailed/56/ke-sach-KS68167-6.jpg');
INSERT INTO `images` VALUES (328, 47, 'https://homeoffice.com.vn/images/thumbnails/640/640/detailed/56/ke-sach-trang-tri-KS68167-05.jpg');
INSERT INTO `images` VALUES (329, 48, 'https://homeoffice.com.vn/images/thumbnails/640/640/detailed/59/ban-gap-go-cao-su-SPD68188-02.jpeg');
INSERT INTO `images` VALUES (330, 48, 'https://homeoffice.com.vn/images/thumbnails/640/640/detailed/59/ban-gap-go-cao-su-SPD68188-03.jpeg');
INSERT INTO `images` VALUES (331, 48, 'https://homeoffice.com.vn/images/thumbnails/640/640/detailed/59/ban-gap-go-cao-su-SPD68188-04.jpg');
INSERT INTO `images` VALUES (332, 48, 'https://homeoffice.com.vn/images/thumbnails/640/640/detailed/59/ban-lam-viec-gap-gon-co-banh-xe-di-dong-5.jpg');
INSERT INTO `images` VALUES (333, 49, 'https://homeoffice.com.vn/images/thumbnails/640/640/detailed/56/ban-ket-hop-ke-go-chan-sat-BD68088-03a.jpg');
INSERT INTO `images` VALUES (334, 49, 'https://homeoffice.com.vn/images/thumbnails/640/640/detailed/56/ban-ket-hop-ke-go-chan-sat-BD68088-04a.jpg');
INSERT INTO `images` VALUES (335, 49, 'https://homeoffice.com.vn/images/thumbnails/640/640/detailed/62/ban-ket-hop-ke-go-chan-sat-BD68088-06a.jpg');
INSERT INTO `images` VALUES (336, 49, 'https://homeoffice.com.vn/images/thumbnails/640/640/detailed/62/ban-ket-hop-ke-go-chan-sat-BD68088-07a.jpg');
INSERT INTO `images` VALUES (337, 50, 'https://homeoffice.com.vn/images/thumbnails/640/640/detailed/60/ke-tivi-go-khung-sat-KTV68097-02a.jpg');
INSERT INTO `images` VALUES (338, 50, 'https://homeoffice.com.vn/images/thumbnails/640/640/detailed/60/ke-tivi-go-khung-sat-KTV68097-03a.jpg');
INSERT INTO `images` VALUES (339, 50, 'https://homeoffice.com.vn/images/thumbnails/640/640/detailed/60/ke-tivi-go-khung-sat-KTV68097-04a.jpg');
INSERT INTO `images` VALUES (340, 50, 'https://homeoffice.com.vn/images/thumbnails/640/640/detailed/60/ke-tivi-KTV68097-04a.jpg');
INSERT INTO `images` VALUES (341, 51, 'https://homeoffice.com.vn/images/thumbnails/640/640/detailed/60/ke-tivi-go-tu-nhien-KTV68098-10a_znyb-2t.jpg');
INSERT INTO `images` VALUES (342, 51, 'https://homeoffice.com.vn/images/thumbnails/640/640/detailed/60/ke-tivi-go-tu-nhien-KTV68098-09a.jpg');
INSERT INTO `images` VALUES (343, 51, 'https://homeoffice.com.vn/images/thumbnails/640/640/detailed/60/ke-tivi-go-tu-nhien-KTV68098-08a_4pvs-wl.jpg');
INSERT INTO `images` VALUES (344, 51, 'https://homeoffice.com.vn/images/thumbnails/640/640/detailed/60/ke-tivi-go-tu-nhien-KTV68098-11a.jpg');
INSERT INTO `images` VALUES (345, 52, 'https://homeoffice.com.vn/images/thumbnails/640/640/detailed/59/ke-tivi-go-nau-lau-KTV68096-02a.jpg');
INSERT INTO `images` VALUES (346, 52, 'https://homeoffice.com.vn/images/thumbnails/640/640/detailed/59/ke-tivi-go-nau-lau-KTV68096-03a.jpg');
INSERT INTO `images` VALUES (347, 52, 'https://homeoffice.com.vn/images/thumbnails/640/640/detailed/59/ke-tivi-go-nau-lau-KTV68096-04a.jpg');
INSERT INTO `images` VALUES (348, 52, 'https://homeoffice.com.vn/images/thumbnails/640/640/detailed/59/ke-tivi-KTV68099-06a.jpg');
INSERT INTO `images` VALUES (349, 53, 'https://homeoffice.com.vn/images/thumbnails/640/640/detailed/59/ke-tivi-go-cahn-sat-KTV68095_-02a.jpg');
INSERT INTO `images` VALUES (350, 53, 'https://homeoffice.com.vn/images/thumbnails/640/640/detailed/59/ke-tivi-go-cahn-sat-KTV68095_-03a.jpg');
INSERT INTO `images` VALUES (351, 53, 'https://homeoffice.com.vn/images/thumbnails/640/640/detailed/59/ke-tivi-go-cahn-sat-KTV68095_-04a.jpg');
INSERT INTO `images` VALUES (352, 53, 'https://homeoffice.com.vn/images/thumbnails/640/640/detailed/59/ke-tivi-KTV68095-06a.jpg');
INSERT INTO `images` VALUES (353, 54, 'https://homeoffice.com.vn/images/thumbnails/640/640/detailed/60/ke-tivi-go-cao-su-6.jpg');
INSERT INTO `images` VALUES (354, 54, 'https://homeoffice.com.vn/images/thumbnails/640/640/detailed/60/ke-tivi-go-cao-su-5.jpg');
INSERT INTO `images` VALUES (355, 54, 'https://homeoffice.com.vn/images/thumbnails/640/640/detailed/60/ke-tivi-go-cao-su-4.jpg');
INSERT INTO `images` VALUES (356, 54, 'https://homeoffice.com.vn/images/thumbnails/640/640/detailed/60/ke-tivi-ktv68100-05.jpg');
INSERT INTO `images` VALUES (357, 55, 'https://homeoffice.com.vn/images/thumbnails/640/640/detailed/63/ban-sofa-hien-dai-phong-khach-1.JPG');
INSERT INTO `images` VALUES (358, 55, 'https://homeoffice.com.vn/images/thumbnails/640/640/detailed/63/ban-sofa-hien-dai-phong-khach-2.JPG');
INSERT INTO `images` VALUES (359, 55, 'https://homeoffice.com.vn/images/thumbnails/640/640/detailed/63/ban-sofa-hien-dai-phong-khach-3.JPG');
INSERT INTO `images` VALUES (360, 55, 'https://homeoffice.com.vn/images/thumbnails/640/640/detailed/63/ban-sofa-hien-dai-phong-khach-4.JPG');
INSERT INTO `images` VALUES (361, 56, 'https://homeoffice.com.vn/images/thumbnails/640/640/detailed/64/2-ban-ben-sofa-phong-khach-5.jpg');
INSERT INTO `images` VALUES (362, 56, 'https://homeoffice.com.vn/images/thumbnails/640/640/detailed/64/2-ban-ben-sofa-phong-khach-2.jpg');
INSERT INTO `images` VALUES (363, 56, 'https://homeoffice.com.vn/images/thumbnails/640/640/detailed/64/2-ban-ben-sofa-phong-khach-3.jpg');
INSERT INTO `images` VALUES (364, 56, 'https://homeoffice.com.vn/images/thumbnails/640/640/detailed/64/2-ban-ben-sofa-phong-khach-4.jpg');
INSERT INTO `images` VALUES (365, 57, 'https://homeoffice.com.vn/images/thumbnails/640/640/detailed/64/6-ban-ben-sofa-mat-kinh-1.jpg');
INSERT INTO `images` VALUES (366, 57, 'https://homeoffice.com.vn/images/thumbnails/640/640/detailed/64/6-ban-ben-sofa-mat-kinh-2.jpg');
INSERT INTO `images` VALUES (367, 57, 'https://homeoffice.com.vn/images/thumbnails/640/640/detailed/64/6-ban-ben-sofa-mat-kinh-3.jpg');
INSERT INTO `images` VALUES (368, 57, 'https://homeoffice.com.vn/images/thumbnails/640/640/detailed/64/6-ban-ben-sofa-mat-kinh-4.jpg');
INSERT INTO `images` VALUES (369, 58, 'https://homeoffice.com.vn/images/detailed/61/ban-ben-sofa-sst028-02.jpg');
INSERT INTO `images` VALUES (370, 58, 'https://homeoffice.com.vn/images/thumbnails/640/640/detailed/61/ban-ben-sofa-sst028-04a.jpg');
INSERT INTO `images` VALUES (371, 58, 'https://homeoffice.com.vn/images/thumbnails/640/640/detailed/61/ban-ben-sofa-sst028-05a.jpg');
INSERT INTO `images` VALUES (372, 58, 'https://homeoffice.com.vn/images/thumbnails/640/640/detailed/61/ban-ben-sofa-sst028-06a.jpg');
INSERT INTO `images` VALUES (373, 59, 'https://product.hstatic.net/200000065946/product/pro_trang_noi_that_moho_tu_ke_ngan_05_2dddbd16595b4d7a86f94a3044090afb_master.png');
INSERT INTO `images` VALUES (374, 59, 'https://file.hstatic.net/200000065946/file/noi-that-moho-vienna-tu-quan-ao-1_d28e03515c9944a29e03442fc15c82d2.png');
INSERT INTO `images` VALUES (375, 59, 'https://file.hstatic.net/200000065946/file/noi-that-moho-vienna-tu-quan-ao_b98623033ae14b21be33b891e81fb58c.jpg');
INSERT INTO `images` VALUES (376, 59, 'https://file.hstatic.net/200000065946/file/noi-that-moho-vienna-tu-quan-ao-3_5c195b649bd849a68db5dba5527792c5.png');
INSERT INTO `images` VALUES (377, 60, 'https://product.hstatic.net/200000065946/product/pro_da_xanh_noi_that_moho_tu_da_nang_donica_1_2a09af4b07fc43a08453da29305a36ca_master.jpg');
INSERT INTO `images` VALUES (378, 60, 'https://product.hstatic.net/200000065946/product/pro_da_xanh_noi_that_moho_tu_da_nang_donica_3_87a2c03dd09e475198bc7db6815b5860_master.jpg');
INSERT INTO `images` VALUES (379, 60, 'https://product.hstatic.net/200000065946/product/pro_da_xanh_noi_that_moho_tu_da_nang_donica_4_bb8c0684f0404d2fa0202945cb5bd629_master.jpg');
INSERT INTO `images` VALUES (380, 60, 'https://product.hstatic.net/200000065946/product/pro_da_xanh_noi_that_moho_tu_da_nang_donica_5_2224ce6d1e7449788bf6398531cd9819_master.jpg');
INSERT INTO `images` VALUES (381, 61, 'https://product.hstatic.net/200000065946/product/pro_cam_dat_noi_that_moho_tu_ke_tivi_go_odense_7_ffdc000527be42ab83c75498e0bf9af4_master.jpg');
INSERT INTO `images` VALUES (382, 61, 'https://product.hstatic.net/200000065946/product/pro_cam_dat_noi_that_moho_tu_ke_tivi_go_odense_6_f2288dcbb3e9431883b06d419c3dd456_master.jpg');
INSERT INTO `images` VALUES (383, 61, 'https://product.hstatic.net/200000065946/product/pro_cam_dat_noi_that_moho_tu_ke_tivi_go_odense_1_bc25a12716e1480eabac144dabd0b711_master.jpg');
INSERT INTO `images` VALUES (384, 61, 'https://product.hstatic.net/200000065946/product/pro_cam_dat_noi_that_moho_tu_ke_tivi_go_odense_2_0cd00fe2f8cb415db120011fae7a570f_master.jpg');
INSERT INTO `images` VALUES (385, 62, 'https://product.hstatic.net/200000065946/product/pro_mau_tu_nhien_noi_that_moho_ke_tu_tivi_go_vline_301_1_eaa4c675e03f479d8eda5b9f5d43a221_master.jpg');
INSERT INTO `images` VALUES (386, 62, 'https://product.hstatic.net/200000065946/product/pro_mau_tu_nhien_noi_that_moho_ke_tu_tivi_go_vline_301_2_6c18907bbc3845ab98307cac8469e92b_master.jpg');
INSERT INTO `images` VALUES (387, 62, 'https://product.hstatic.net/200000065946/product/pro_mau_tu_nhien_noi_that_moho_ke_tu_tivi_go_vline_301_3_55bcec8724af48deb9ccdb0ab0c14502_master.jpg');
INSERT INTO `images` VALUES (388, 62, 'https://product.hstatic.net/200000065946/product/pro_mau_tu_nhien_noi_that_moho_ke_tu_tivi_go_vline_301_4_a031b271dd194fd7b963234719872be2_master.jpg');
INSERT INTO `images` VALUES (389, 63, 'https://product.hstatic.net/200000065946/product/pro_nau_noi_that_moho_tu_ke_tivi_vline_5_e2bdea792fd740efae89933464c62a01_master.jpg');
INSERT INTO `images` VALUES (390, 63, 'https://product.hstatic.net/200000065946/product/pro_nau_noi_that_moho_tu_ke_tivi_vline_6_491c5f81437645cfb8741c3982495080_master.jpg');
INSERT INTO `images` VALUES (391, 63, 'https://product.hstatic.net/200000065946/product/pro_nau_noi_that_moho_tu_ke_tivi_vline_2_ac704bcc97c54974afec890958855b6a_master.jpg');
INSERT INTO `images` VALUES (392, 63, 'https://product.hstatic.net/200000065946/product/pro_nau_noi_that_moho_tu_ke_tivi_vline_3_6678353bb891475681648e781a630335_master.jpg');
INSERT INTO `images` VALUES (393, 64, 'https://product.hstatic.net/200000065946/product/pro_nau_noi_that_moho_tu_dau_giuong_go_malaga_11_5d5a9d11ac614b00946d60582f2c367d_master.jpg');
INSERT INTO `images` VALUES (394, 64, 'https://product.hstatic.net/200000065946/product/pro_nau_noi_that_moho_tu_dau_giuong_go_moho_malaga_4_188883249dc5408abbf4158284bc309e_master.jpg');
INSERT INTO `images` VALUES (395, 64, 'https://product.hstatic.net/200000065946/product/pro_nau_noi_that_moho_tu_dau_giuong_go_moho_malaga_5_6ebdb834dbc644d7af96cf6032c8c5e5_master.jpg');
INSERT INTO `images` VALUES (396, 64, 'https://product.hstatic.net/200000065946/product/pro_nau_noi_that_moho_tu_dau_giuong_go_malaga_13_4ad661651fbc4f28b946ecf7e55acafd_master.jpg');
INSERT INTO `images` VALUES (397, 65, 'https://product.hstatic.net/200000065946/product/pro_mau_tu_nhien_noi_that_moho_tu_dau_giuong_vline_1_9153ef95eb024e4ab35bbfce46902d47_master.jpg');
INSERT INTO `images` VALUES (398, 65, 'https://product.hstatic.net/200000065946/product/pro_mau_tu_nhien_noi_that_moho_tu_dau_giuong_vline_2_75a79e9e516a45979a9ed51731a56d11_master.jpg');
INSERT INTO `images` VALUES (399, 65, 'https://product.hstatic.net/200000065946/product/pro_mau_tu_nhien_noi_that_moho_tu_dau_giuong_vline_3_65b05cebc4bf49d79a15e04b9293bef4_master.jpg');
INSERT INTO `images` VALUES (400, 65, 'https://product.hstatic.net/200000065946/product/pro_mau_tu_nhien_noi_that_moho_tu_dau_giuong_vline_5_bf90559442e048daa82e49593219a93e_master.jpg');
INSERT INTO `images` VALUES (401, 66, 'https://product.hstatic.net/200000065946/product/pro_nau_noi_that_moho_tu_dau_giuong_fiji_6_35ad0c5d75404bb7ab1ace0a5b2571bf_master.jpg');
INSERT INTO `images` VALUES (402, 66, 'https://product.hstatic.net/200000065946/product/pro_nau_noi_that_moho_tu_dau_giuong_fiji_1_0572fbe2e7d74966bbcccba2e31329aa_master.jpg');
INSERT INTO `images` VALUES (403, 66, 'https://product.hstatic.net/200000065946/product/pro_nau_noi_that_moho_tu_dau_giuong_fiji_2_cd8882f880a841eeb9ade12a7abdd4a6_master.jpg');
INSERT INTO `images` VALUES (404, 66, 'https://product.hstatic.net/200000065946/product/pro_nau_tu_noi_that_moho_tu_dau_giuong_fiji_5_980014c29e2a4db7902efb8a0f458c1f_master.jpg');
INSERT INTO `images` VALUES (405, 67, 'https://product.hstatic.net/200000065946/product/pro_trang_noi_that_moho_hoc_tu_luu_tru_11_7cac38416e714e32b8534fd2a8e011d8_master.jpg');
INSERT INTO `images` VALUES (406, 67, 'https://product.hstatic.net/200000065946/product/pro_trang_noi_that_moho_hoc_tu_luu_tru_1_52509c767ef64b3289070b0a005a145d_master.jpg');
INSERT INTO `images` VALUES (407, 67, 'https://product.hstatic.net/200000065946/product/pro_trang_noi_that_moho_hoc_tu_luu_tru_2_0d4f16923757400e8f65e4272c529188_master.jpg');
INSERT INTO `images` VALUES (408, 67, 'https://product.hstatic.net/200000065946/product/pro_trang_noi_that_moho_hoc_tu_luu_tru_4_56028c40c11f45c88cb846f9975901fb_master.jpg');
INSERT INTO `images` VALUES (409, 68, 'https://product.hstatic.net/200000065946/product/pro_mau_tu_nhien_noi_that_moho_tu_dau_giuong_vline_1_9153ef95eb024e4ab35bbfce46902d47_master.jpg');
INSERT INTO `images` VALUES (410, 68, 'https://product.hstatic.net/200000065946/product/pro_mau_tu_nhien_noi_that_moho_tu_dau_giuong_vline_2_75a79e9e516a45979a9ed51731a56d11_master.jpg');
INSERT INTO `images` VALUES (411, 68, 'https://product.hstatic.net/200000065946/product/pro_mau_tu_nhien_noi_that_moho_tu_dau_giuong_vline_4_d99eaad2d48047ca87462fa0664bed32_master.jpg');
INSERT INTO `images` VALUES (412, 68, 'https://product.hstatic.net/200000065946/product/pro_mau_tu_nhien_noi_that_moho_tu_dau_giuong_vline_5_bf90559442e048daa82e49593219a93e_master.jpg');
INSERT INTO `images` VALUES (413, 69, 'https://product.hstatic.net/200000065946/product/pro_mau_tu_nhien_noi_that_moho_tu_giay_oslo_901_4_aa6deab03e374e7c8417afa33c8d70ec_master.jpg');
INSERT INTO `images` VALUES (414, 69, 'https://product.hstatic.net/200000065946/product/pro_mau_tu_nhien_noi_that_moho_tu_giay_oslo_901_2_46f8d75c03874c44a7b81c160094dbfb_master.jpg');
INSERT INTO `images` VALUES (415, 69, 'https://product.hstatic.net/200000065946/product/pro_mau_tu_nhien_noi_that_moho_tu_giay_oslo_901_6_d5d8283a4d2d45fc8e2ddcea285ab484_master.jpg');
INSERT INTO `images` VALUES (416, 69, 'https://product.hstatic.net/200000065946/product/pro_mau_tu_nhien_noi_that_moho_tu_giay_oslo_901_9_1e725db265584edfbb465d2d139e63b3_master.jpg');
INSERT INTO `images` VALUES (417, 70, 'https://casani.vn/img/den-chum-hien-dai-cch-3743-15-6.jpg');
INSERT INTO `images` VALUES (418, 70, 'https://casani.vn/img/p/den-chum-hien-dai-cch-3743-15-p2727.jpg');
INSERT INTO `images` VALUES (419, 70, 'https://casani.vn/img/image/den-hien-dai/CCH-3743-15/CCH-3743-15-2.jpg');
INSERT INTO `images` VALUES (420, 70, 'https://casani.vn/img/den-chum-hien-dai-cch-3743-15-4.jpg');
INSERT INTO `images` VALUES (421, 71, 'https://casani.vn/img/p/den-chum-tha-hien-dai-cch-5620-12-p1346.jpg');
INSERT INTO `images` VALUES (422, 71, 'https://casani.vn/img/image/den-hien-dai/CCH-5620/CCH-5620-15-1.jpg');
INSERT INTO `images` VALUES (423, 71, 'https://casani.vn/img/image/den-hien-dai/CCH-5620/CCH-5620-15-3.jpg');
INSERT INTO `images` VALUES (424, 71, 'https://casani.vn/img/image/den-hien-dai/CCH-5620/CCH-5620-12-2.jpg');
INSERT INTO `images` VALUES (425, 72, 'https://casani.vn/img/p/den-tuong-hien-dai-cdt-2522-p944.jpg');
INSERT INTO `images` VALUES (426, 72, 'https://casani.vn/img/den-tuong-hien-dai-cdt-2522-1.jpg');
INSERT INTO `images` VALUES (427, 72, 'https://casani.vn/img/den-tuong-hien-dai-cdt-2522-2.jpg');
INSERT INTO `images` VALUES (428, 72, 'https://casani.vn/img/den-tuong-hien-dai-cdt-2522-3.jpg');
INSERT INTO `images` VALUES (429, 73, 'https://casani.vn/img/p/den-mam-pha-le-cmt1718-800-p896.jpg');
INSERT INTO `images` VALUES (430, 73, 'https://casani.vn/img/den-mam-pha-le-cmt1718-800.jpg');
INSERT INTO `images` VALUES (431, 73, 'https://casani.vn/img/den-mam-pha-le-cmt1718-800-3.jpg');
INSERT INTO `images` VALUES (432, 73, 'https://casani.vn/img/den-mam-pha-le-cmt1718-800-5.jpg');
INSERT INTO `images` VALUES (433, 74, 'https://casani.vn/img/p/den-mam-pha-le-ap-tran-mtk-103v-p4224.jpg');
INSERT INTO `images` VALUES (434, 74, 'https://casani.vn/img/image/den-mam/MTK-103V/Den-mam-pha-le-ap-tran-MTK-103V-2.jpg');
INSERT INTO `images` VALUES (435, 74, 'https://casani.vn/img/image/den-mam/MTK-103V/Den-mam-pha-le-ap-tran-MTK-103V-3.jpg');
INSERT INTO `images` VALUES (436, 74, 'https://casani.vn/img/image/den-mam/MTK-103V/Den-mam-pha-le-ap-tran-MTK-103V-4.jpg');
INSERT INTO `images` VALUES (437, 75, 'https://casani.vn/img/p/den-mam-op-tran-cho-be-cmb-1940-p2659.jpg');
INSERT INTO `images` VALUES (438, 76, 'https://casani.vn/img/p/den-chum-hien-dai-cch-3579-60-p3931.jpg');
INSERT INTO `images` VALUES (439, 76, 'https://casani.vn/img/den-chum-hien-dai-cch-3579-60-1.jpg');
INSERT INTO `images` VALUES (440, 76, 'https://casani.vn/img/den-chum-hien-dai-cch-3579-60-2.jpg');
INSERT INTO `images` VALUES (441, 76, 'https://casani.vn/img/den-chum-hien-dai-cch-3579-60-3.jpg');
INSERT INTO `images` VALUES (442, 77, 'https://casani.vn/img/p/den-chum-pha-le-hien-dai-cch-3621-60-p2535.jpg');
INSERT INTO `images` VALUES (443, 77, 'https://casani.vn/img/image/den-hien-dai/CCH-3621/CCH-3621-1.jpg');
INSERT INTO `images` VALUES (444, 77, 'https://casani.vn/img/image/den-hien-dai/CCH-3621/CCH-3621-2.jpg');
INSERT INTO `images` VALUES (445, 77, 'https://casani.vn/img/image/den-hien-dai/CCH-3621/CCH-3621-3.jpg');
INSERT INTO `images` VALUES (446, 78, 'https://casani.vn/img/p/den-tuong-hien-dai-cdt-2648-p2881.jpg');
INSERT INTO `images` VALUES (447, 78, 'https://casani.vn/img/den-tuong-hien-dai-cdt-2648-1.jpg');
INSERT INTO `images` VALUES (448, 78, 'https://casani.vn/img/den-tuong-hien-dai-cdt-2648-2.jpg');
INSERT INTO `images` VALUES (449, 78, 'https://casani.vn/img/den-tuong-hien-dai-cdt-2648-3.jpg');
INSERT INTO `images` VALUES (450, 79, 'https://flexhouse.vn/wp-content/uploads/2023/06/den-gan-tuong-hanh-lang-phong-cach-retro-zxl6836-5.jpg');
INSERT INTO `images` VALUES (451, 79, 'https://flexhouse.vn/wp-content/uploads/2023/06/den-gan-tuong-hanh-lang-phong-cach-retro-zxl6836-3.jpg');
INSERT INTO `images` VALUES (452, 79, 'https://flexhouse.vn/wp-content/uploads/2023/06/den-gan-tuong-hanh-lang-phong-cach-retro-zxl6836-2.jpg');
INSERT INTO `images` VALUES (453, 79, 'https://flexhouse.vn/wp-content/uploads/2023/06/den-gan-tuong-hanh-lang-phong-cach-retro-zxl6836-2.jpg');
INSERT INTO `images` VALUES (454, 80, 'https://product.hstatic.net/200000065946/product/pro_nau_noi_that_moho_giuong_ngu_go_tram_malaga_302_12_b323fac7406b42e8bfc0f7dae9fa0861_master.jpg');
INSERT INTO `images` VALUES (455, 80, 'https://product.hstatic.net/200000065946/product/pro_nau_noi_that_moho_giuong_ngu_malaga_302_3_0f3d7c55f8d94aad9ad53c5cc442e024_master.png');
INSERT INTO `images` VALUES (456, 80, 'https://product.hstatic.net/200000065946/product/pro_nau_noi_that_moho_giuong_ngu_go_tram_malaga_302_11_be1c519e5149479abe8f9f4f2dfc9608_master.jpg');
INSERT INTO `images` VALUES (457, 80, 'https://product.hstatic.net/200000065946/product/pro_nau_noi_that_moho_giuo_ngu_malaga_302_1m2_1_49fc192023254e1591849c7f359b6d06_master.jpg');
INSERT INTO `images` VALUES (458, 81, 'https://product.hstatic.net/200000065946/product/pro_mau_tu_nhien_noi_that_moho_giuong_ngu_go_soi_vline_601_6_33bb4e7536c548e1bfda6e56681d4c59_master.jpg');
INSERT INTO `images` VALUES (459, 81, 'https://product.hstatic.net/200000065946/product/pro_mau_tu_nhien_noi_that_moho_giuong_ngu_go_soi_vline_601_4_27c446c413674272bfe5bc8b2089ed53_master.jpg');
INSERT INTO `images` VALUES (460, 81, 'https://product.hstatic.net/200000065946/product/pro_mau_tu_nhien_noi_that_moho_giuong_ngu_go_soi_vline_601_1_1daec291c5f64366a95840adb11c703c_master.jpg');
INSERT INTO `images` VALUES (461, 81, 'https://product.hstatic.net/200000065946/product/pro_mau_tu_nhien_noi_that_moho_giuong_ngu_go_vline_1m4_tam_phan_1_02d62e2195b14e978a4825559720349c_master.jpg');
INSERT INTO `images` VALUES (462, 82, 'https://product.hstatic.net/200000065946/product/pro_1m6_noi_that_moho_giuong_ngu_go_nexo_5_f88ff1a1e1d94022b149e16db8175665_master.jpg');
INSERT INTO `images` VALUES (463, 82, 'https://product.hstatic.net/200000065946/product/pro_1m6_noi_that_moho_giuong_ngu_go_nexo_6_761f5767164f45d69333610e6cf977a2_master.jpg');
INSERT INTO `images` VALUES (464, 82, 'https://product.hstatic.net/200000065946/product/pro_1m6_noi_that_moho_giuong_ngu_go_nexo_1_d3a5521f1b054fe2a95a8b6a89287b81_master.jpg');
INSERT INTO `images` VALUES (465, 82, 'https://product.hstatic.net/200000065946/product/pro_1m6_noi_that_moho_giuong_ngu_go_nexo_3_ced4aef6a3d64eb492622959e50cd460_master.jpg');
INSERT INTO `images` VALUES (466, 83, 'https://product.hstatic.net/200000065946/product/pro_mau_tu_nhien_noi_that_moho_giuong_ngu_go_boc_nem_skjeberg_1_5cd0f67c206c4b69b07a196c20ecc416_master.jpg');
INSERT INTO `images` VALUES (467, 83, 'https://product.hstatic.net/200000065946/product/pro_mau_tu_nhien_noi_that_moho_giuong_ngu_go_boc_nem_skjeberg_2_0f247e59c16c4330ac11560305bf3bc2_master.jpg');
INSERT INTO `images` VALUES (468, 83, 'https://product.hstatic.net/200000065946/product/pro_mau_tu_nhien_noi_that_moho_giuong_ngu_go_boc_nem_skjeberg_3_9af1f3db46b6403b9ab6f9f3983b8e6c_master.jpg');
INSERT INTO `images` VALUES (469, 83, 'https://product.hstatic.net/200000065946/product/pro_mau_tu_nhien_noi_that_moho_giuong_ngu_go_boc_nem_skjeberg_5_5fd69e7f6ae846e0b11ee351c678c794_master.jpg');
INSERT INTO `images` VALUES (470, 84, 'https://product.hstatic.net/200000065946/product/pro_nau_noi_that_moho_giuong_ngu_go_hobro_7_4d7fea1dcf184dbd89fe301f120e7020_master.jpg');
INSERT INTO `images` VALUES (471, 84, 'https://product.hstatic.net/200000065946/product/pro_nau_noi_that_moho_giuong_ngu_go_hobro_9_45ca39a5d0e44073a26b84786735a5b3_master.jpg');
INSERT INTO `images` VALUES (472, 84, 'https://product.hstatic.net/200000065946/product/pro_nau_noi_that_moho_giuong_ngu_go_hobro_8_f20a48a38100489985cc8d62f4a1ad0c_master.jpg');
INSERT INTO `images` VALUES (473, 84, 'https://product.hstatic.net/200000065946/product/pro_nau_noi_that_moho_giuong_ngu_go_hobro_12_4db959ebf42f4ae8bce8b9fc2fb34a79_master.jpg');
INSERT INTO `images` VALUES (474, 85, 'https://homeoffice.com.vn/images/thumbnails/640/640/detailed/67/ban-cum-2-kem-ke-4.JPG');
INSERT INTO `images` VALUES (475, 85, 'https://homeoffice.com.vn/images/thumbnails/640/640/detailed/67/ban-cum-2-kem-ke-1.JPG');
INSERT INTO `images` VALUES (476, 85, 'https://homeoffice.com.vn/images/thumbnails/640/640/detailed/67/ban-cum-2-kem-ke-6.JPG');
INSERT INTO `images` VALUES (477, 85, 'https://homeoffice.com.vn/images/thumbnails/640/640/detailed/67/ban-cum-2-kem-ke-7.JPG');
INSERT INTO `images` VALUES (478, 86, 'https://homeoffice.com.vn/images/thumbnails/640/640/detailed/67/ban-lam-viec-he-chan-oma-ii-go-cao-su.jpg');
INSERT INTO `images` VALUES (479, 86, 'https://homeoffice.com.vn/images/thumbnails/640/640/detailed/67/ban-lam-viec-he-chan-oma-ii-go-cao-su-1.jpg');
INSERT INTO `images` VALUES (480, 86, 'https://homeoffice.com.vn/images/thumbnails/640/640/detailed/67/ban-lam-viec-he-chan-oma-ii-go-cao-su-4.jpg');
INSERT INTO `images` VALUES (481, 86, 'https://homeoffice.com.vn/images/thumbnails/640/640/detailed/67/ban-lam-viec-he-chan-oma-ii-go-cao-su-6.jpg');
INSERT INTO `images` VALUES (482, 87, 'https://homeoffice.com.vn/images/thumbnails/640/640/detailed/65/ke-de-tai-lieu-van-phong-bang-go-10.jpg');
INSERT INTO `images` VALUES (483, 87, 'https://homeoffice.com.vn/images/thumbnails/640/640/detailed/65/ke-de-tai-lieu-van-phong-bang-go-11.jpg');
INSERT INTO `images` VALUES (484, 87, 'https://homeoffice.com.vn/images/thumbnails/640/640/detailed/65/ke-de-tai-lieu-van-phong-bang-go-12.jpg');
INSERT INTO `images` VALUES (485, 87, 'https://homeoffice.com.vn/images/thumbnails/640/640/detailed/65/ke-de-tai-lieu-van-phong-bang-go-13.jpg');
INSERT INTO `images` VALUES (486, 88, 'https://homeoffice.com.vn/images/thumbnails/640/640/detailed/55/ghe-chan-quy-lung-luoi-MFJ118-r02.jpg');
INSERT INTO `images` VALUES (487, 88, 'https://homeoffice.com.vn/images/thumbnails/640/640/detailed/54/ghe-chan-quy-MFJ118-02.jpg');
INSERT INTO `images` VALUES (488, 88, 'https://homeoffice.com.vn/images/thumbnails/640/640/detailed/55/ghe-chan-quy-lung-luoi-MFJ118-r02.jpg');
INSERT INTO `images` VALUES (489, 88, 'https://homeoffice.com.vn/images/thumbnails/640/640/detailed/55/ghe-chan-quy-lung-luoi-MFJ118-r04.jpg');
INSERT INTO `images` VALUES (490, 89, 'https://homeoffice.com.vn/images/thumbnails/640/640/detailed/67/ghe-cong-thai-hoc-lung-luoi-cao-cap-1a.jpg');
INSERT INTO `images` VALUES (491, 89, 'https://homeoffice.com.vn/images/thumbnails/640/640/detailed/67/ghe-cong-thai-hoc-lung-luoi-cao-cap-2.jpg');
INSERT INTO `images` VALUES (492, 89, 'https://homeoffice.com.vn/images/thumbnails/640/640/detailed/67/ghe-cong-thai-hoc-lung-luoi-cao-cap-3.jpg');
INSERT INTO `images` VALUES (493, 89, 'https://homeoffice.com.vn/images/thumbnails/640/640/detailed/67/ghe-cong-thai-hoc-lung-luoi-cao-cap-5.jpg');

-- ----------------------------
-- Table structure for import_products
-- ----------------------------
DROP TABLE IF EXISTS `import_products`;
CREATE TABLE `import_products`  (
  `id` int NOT NULL AUTO_INCREMENT,
  `product_id` int NULL DEFAULT NULL,
  `user_name` varchar(50) CHARACTER SET utf8mb4 COLLATE utf8mb4_unicode_ci NULL DEFAULT NULL,
  `quantity` int NULL DEFAULT NULL,
  `date` datetime NULL DEFAULT NULL,
  `distributor` varchar(255) CHARACTER SET utf8mb4 COLLATE utf8mb4_unicode_ci NULL DEFAULT NULL,
  PRIMARY KEY (`id`) USING BTREE,
  INDEX `imp_p`(`product_id` ASC) USING BTREE,
  INDEX `imp_u`(`user_name` ASC) USING BTREE,
  CONSTRAINT `imp_p` FOREIGN KEY (`product_id`) REFERENCES `products` (`product_id`) ON DELETE RESTRICT ON UPDATE RESTRICT,
  CONSTRAINT `imp_u` FOREIGN KEY (`user_name`) REFERENCES `users` (`user_name`) ON DELETE RESTRICT ON UPDATE RESTRICT
) ENGINE = InnoDB AUTO_INCREMENT = 51 CHARACTER SET = utf8mb4 COLLATE = utf8mb4_unicode_ci ROW_FORMAT = DYNAMIC;

-- ----------------------------
-- Records of import_products
-- ----------------------------
INSERT INTO `import_products` VALUES (26, 1, 'dung4', 10, '2023-05-06 12:15:10', NULL);
INSERT INTO `import_products` VALUES (27, 6, 'dung4', 10, '2023-05-06 12:15:10', NULL);
INSERT INTO `import_products` VALUES (28, 6, 'dung4', 2, '2023-05-06 12:52:56', NULL);
INSERT INTO `import_products` VALUES (29, 8, 'dung4', 3, '2023-05-06 12:52:56', NULL);
INSERT INTO `import_products` VALUES (30, 1, 'dung4', 2, '2023-05-31 15:26:34', NULL);
INSERT INTO `import_products` VALUES (31, 1, 'dung4', 2, '2023-05-31 15:44:49', NULL);
INSERT INTO `import_products` VALUES (32, 1, 'dung4', 2, '2023-05-31 15:53:51', NULL);
INSERT INTO `import_products` VALUES (33, 1, 'dung4', 3, '2023-05-31 15:59:15', NULL);
INSERT INTO `import_products` VALUES (34, 1, 'dung4', 7, '2023-05-31 22:31:51', NULL);
INSERT INTO `import_products` VALUES (35, 1, 'dung4', 2, '2023-05-31 22:33:14', NULL);
INSERT INTO `import_products` VALUES (36, 1, 'dung4', 4, '2023-05-31 22:35:54', NULL);
INSERT INTO `import_products` VALUES (37, 1, 'dung4', 3, '2023-05-31 22:38:41', NULL);
INSERT INTO `import_products` VALUES (38, 1, 'dung4', 2, '2023-05-31 23:17:46', NULL);
INSERT INTO `import_products` VALUES (39, 1, 'dung4', 3, '2023-05-31 23:22:41', NULL);
INSERT INTO `import_products` VALUES (46, 1, 'dung4', 2, '2023-05-31 23:24:56', NULL);
INSERT INTO `import_products` VALUES (47, 1, 'dung4', 2, '2023-05-31 23:26:26', NULL);
INSERT INTO `import_products` VALUES (48, 1, 'dung4', 2, '2023-05-31 23:28:35', NULL);
INSERT INTO `import_products` VALUES (49, 2, 'huyen', 10, '2023-06-15 22:46:02', NULL);
INSERT INTO `import_products` VALUES (50, 42, 'huyen', 5, '2023-06-21 13:07:41', NULL);

-- ----------------------------
-- Table structure for introduce
-- ----------------------------
DROP TABLE IF EXISTS `introduce`;
CREATE TABLE `introduce`  (
  `id` int NOT NULL,
  `name` varchar(255) CHARACTER SET utf8mb4 COLLATE utf8mb4_general_ci NULL DEFAULT NULL,
  `introduce` varchar(1000) CHARACTER SET utf8mb4 COLLATE utf8mb4_general_ci NOT NULL,
  `address` varchar(500) CHARACTER SET utf8mb4 COLLATE utf8mb4_general_ci NULL DEFAULT NULL,
  `showroom` varchar(500) CHARACTER SET utf8mb4 COLLATE utf8mb4_general_ci NULL DEFAULT NULL,
  `timework` varchar(255) CHARACTER SET utf8mb4 COLLATE utf8mb4_general_ci NULL DEFAULT NULL,
  `email` varchar(255) CHARACTER SET utf8mb4 COLLATE utf8mb4_general_ci NULL DEFAULT NULL,
  `phone` varchar(255) CHARACTER SET utf8mb4 COLLATE utf8mb4_general_ci NULL DEFAULT NULL,
  `caption` varchar(1000) CHARACTER SET utf8mb4 COLLATE utf8mb4_general_ci NULL DEFAULT NULL,
  PRIMARY KEY (`id`) USING BTREE
) ENGINE = InnoDB CHARACTER SET = utf8mb4 COLLATE = utf8mb4_general_ci ROW_FORMAT = DYNAMIC;

-- ----------------------------
-- Records of introduce
-- ----------------------------
INSERT INTO `introduce` VALUES (1, 'NI THT HAPPYHOME', 'Ni Tht HAPPYHOME l thng hiu n t Vit Nam vi hn 35 nm kinh nghim trong vic sn xut v xut khu ni tht t chun quc t..', 'Khu ph 6, phng Linh Trung,Thnh ph Th c,Thnh ph H Ch Minh, Vit Nam', 'i Hc Nng Lm TP.HCM', 'T 8:00 n 21:00 mi ngy tr ngy l.', 'contact@happyhome.com', '0867155409', ' Chn thnh cm n qu khch  la chn v tin tng ng h nhng sn phm ca chng ti trong sut thi gian va qua. Trong qu trnh s dng hoc mua sm nu c thc mc hay phn nh v cht lng, qu khch hy  li phn nh hoc cu hi cho chng ti.');

-- ----------------------------
-- Table structure for log
-- ----------------------------
DROP TABLE IF EXISTS `log`;
CREATE TABLE `log`  (
  `id` int NOT NULL AUTO_INCREMENT,
  `level` tinyint NOT NULL,
  `user` int NOT NULL,
  `src` varchar(255) CHARACTER SET utf8mb4 COLLATE utf8mb4_unicode_ci NOT NULL,
  `content` longtext CHARACTER SET utf8mb4 COLLATE utf8mb4_unicode_ci NOT NULL,
  `createAt` datetime NOT NULL DEFAULT CURRENT_TIMESTAMP,
  `status` tinyint NOT NULL,
  `ipAddress` varchar(25) CHARACTER SET utf8mb4 COLLATE utf8mb4_unicode_ci NULL DEFAULT NULL,
  PRIMARY KEY (`id`) USING BTREE
) ENGINE = InnoDB AUTO_INCREMENT = 1319 CHARACTER SET = utf8mb4 COLLATE = utf8mb4_unicode_ci ROW_FORMAT = DYNAMIC;

-- ----------------------------
-- Records of log
-- ----------------------------
INSERT INTO `log` VALUES (1288, 0, 11, 'List-User', '[UserModel{id=11, userName=\'huyen\', passWord=\'5994471abb01112afcc18159f6cc74b4f511b99806da59b3caf5a9c173cacfc5\', role=1, fullName=\'Nlu\', phoneNum=\'null\', email=\'20130013@st.hcmuaf.edu.vn\', address=\'null\', gender=\'n\', enable=1, num_log_in=0}\n, UserModel{id=13, userName=\'dung\', passWord=\'dcba4dc5e7b929e71c6978efcf274cc40d280be701562c6c5b805c6491a5c824\', role=1, fullName=\'l nh quc dng\', phoneNum=\'null\', email=\'quocdungledinh@gmail.com\', address=\'null\', gender=\'nam\', enable=1, num_log_in=0}\n, UserModel{id=25, userName=\'dung4\', passWord=\'dcba4dc5e7b929e71c6978efcf274cc40d280be701562c6c5b805c6491a5c824\', role=0, fullName=\'l nh quc dng\', phoneNum=\'0355806119\', email=\'quocdungledinh@gmail.com\', address=\'KTX khu B HQG, ng Hoa, Di An, Binh Dng\', gender=\'nam\', enable=1, num_log_in=0}\n, UserModel{id=26, userName=\'dung6\', passWord=\'dcba4dc5e7b929e71c6978efcf274cc40d280be701562c6c5b805c6491a5c824\', role=0, fullName=\'l nh quc dng\', phoneNum=\'null\', email=\'quocdungledinh@gmail.com\', address=\'null\', gender=\'nam\', enable=1, num_log_in=0}\n, UserModel{id=30, userName=\'t4\', passWord=\'dcba4dc5e7b929e71c6978efcf274cc40d280be701562c6c5b805c6491a5c824\', role=0, fullName=\'test4\', phoneNum=\'null\', email=\'test@gmail.com\', address=\'null\', gender=\'null\', enable=1, num_log_in=0}\n, UserModel{id=34, userName=\'t8\', passWord=\'dcba4dc5e7b929e71c6978efcf274cc40d280be701562c6c5b805c6491a5c824\', role=0, fullName=\'null\', phoneNum=\'null\', email=\'0\', address=\'null\', gender=\'null\', enable=1, num_log_in=0}\n, UserModel{id=35, userName=\'t9\', passWord=\'dcba4dc5e7b929e71c6978efcf274cc40d280be701562c6c5b805c6491a5c824\', role=0, fullName=\'null\', phoneNum=\'null\', email=\'0\', address=\'null\', gender=\'null\', enable=1, num_log_in=0}\n, UserModel{id=38, userName=\'t12\', passWord=\'dcba4dc5e7b929e71c6978efcf274cc40d280be701562c6c5b805c6491a5c824\', role=0, fullName=\'o tht y\', phoneNum=\'null\', email=\'quocdungledinh@gmail.com\', address=\'null\', gender=\'null\', enable=2, num_log_in=0}\n, UserModel{id=40, userName=\'t14\', passWord=\'dcba4dc5e7b929e71c6978efcf274cc40d280be701562c6c5b805c6491a5c824\', role=0, fullName=\'null\', phoneNum=\'null\', email=\'quocdungledinh@gmail.com\', address=\'null\', gender=\'null\', enable=0, num_log_in=0}\n, UserModel{id=54, userName=\'dung2\', passWord=\'dcba4dc5e7b929e71c6978efcf274cc40d280be701562c6c5b805c6491a5c824\', role=0, fullName=\'l nh quc dng\', phoneNum=\'null\', email=\'quocdungledinh@gmail.com\', address=\'null\', gender=\'nam\', enable=1, num_log_in=0}\n, UserModel{id=55, userName=\'dung12\', passWord=\'dcba4dc5e7b929e71c6978efcf274cc40d280be701562c6c5b805c6491a5c824\', role=0, fullName=\'l nh quc dng\', phoneNum=\'0355806119\', email=\'quocdungledinh@gmail.com\', address=\'\', gender=\'nam\', enable=1, num_log_in=0}\n, UserModel{id=56, userName=\'test1\', passWord=\'dcba4dc5e7b929e71c6978efcf274cc40d280be701562c6c5b805c6491a5c824\', role=0, fullName=\'l nh quc dng\', phoneNum=\'\', email=\'quocdungledinh@gmail.com\', address=\'\', gender=\'nam\', enable=1, num_log_in=0}\n, UserModel{id=57, userName=\'admin\', passWord=\'dcba4dc5e7b929e71c6978efcf274cc40d280be701562c6c5b805c6491a5c824\', role=1, fullName=\'admin\', phoneNum=\'0333027154\', email=\'quocdungledinh@gmail.com\', address=\'null\', gender=\'nam\', enable=1, num_log_in=0}\n, UserModel{id=58, userName=\'datt\', passWord=\'f0fce59379cc3c4e9e99a848f03e650373c1d6e62ae1a05644c86f8c6e502b9a\', role=0, fullName=\'Nguyn Thnh t\', phoneNum=\'0867155409\', email=\'ngthanh.dat1305@gmail.com\', address=\'Th c\', gender=\'nam\', enable=1, num_log_in=0}\n, UserModel{id=59, userName=\'Nguyn Thnh t\', passWord=\'b7a8240da0e4ee5e13794fbd7bacc168023592f17ea7830bae67e981c1ffd66d\', role=0, fullName=\'Nguyn Thnh t\', phoneNum=\'null\', email=\'20130013@st.hcmuaf.edu.vn\', address=\'null\', gender=\'null\', enable=0, num_log_in=0}\n, UserModel{id=60, userName=\'L Dng\', passWord=\'1ec7c8606082177a116b3ea4446307eaa3d8936dd4f3da545fca6af8d7665ceb\', role=0, fullName=\'L Dng\', phoneNum=\'null\', email=\'quocdungledinh@gmail.com\', address=\'null\', gender=\'null\', enable=0, num_log_in=0}\n, UserModel{id=61, userName=\'Thnh t Nguyn\', passWord=\'71af45ad57e9219e5dd1260d70617a0e149e30fa75938127205eac83ed9b3909\', role=0, fullName=\'Thnh t Nguyn\', phoneNum=\'null\', email=\'ngthanh.dat1305@gmail.com\', address=\'null\', gender=\'null\', enable=0, num_log_in=0}\n, UserModel{id=62, userName=\'ga la\', passWord=\'6bbc041675ca2df05887663d68e0162c285ce348fc9c7a3f6f09fc113ffd2bf2\', role=0, fullName=\'ga la\', phoneNum=\'null\', email=\'laga2134@gmail.com\', address=\'null\', gender=\'null\', enable=0, num_log_in=0}\n, UserModel{id=63, userName=\'dung5\', passWord=\'dcba4dc5e7b929e71c6978efcf274cc40d280be701562c6c5b805c6491a5c824\', role=0, fullName=\'l nh quc dng\', phoneNum=\'null\', email=\'quocdungledinh@gmail.com\', address=\'null\', gender=\'nam\', enable=0, num_log_in=0}\n, UserModel{id=64, userName=\'usertest\', passWord=\'c015bc9b6d57b9f1ca4fa1e2eaec1722f076c8a698476403b202d3db5edf6438\', role=0, fullName=\'Nguyn Vn A\', phoneNum=\'null\', email=\'kieudiem.to2006@gmail.com\', address=\'null\', gender=\'nam\', enable=1, num_log_in=0}\n, UserModel{id=65, userName=\'test5\', passWord=\'dcba4dc5e7b929e71c6978efcf274cc40d280be701562c6c5b805c6491a5c824\', role=0, fullName=\'test5\', phoneNum=\'null\', email=\'quocdungledinh@gmail.com\', address=\'null\', gender=\'nam\', enable=0, num_log_in=0}\n, UserModel{id=66, userName=\'test9\', passWord=\'dcba4dc5e7b929e71c6978efcf274cc40d280be701562c6c5b805c6491a5c824\', role=0, fullName=\'test9\', phoneNum=\'null\', email=\'quocdungledinh@gmail.com\', address=\'null\', gender=\'nam\', enable=0, num_log_in=0}\n, UserModel{id=67, userName=\'testt1\', passWord=\'dcba4dc5e7b929e71c6978efcf274cc40d280be701562c6c5b805c6491a5c824\', role=0, fullName=\'l nh quc dng\', phoneNum=\'null\', email=\'quocdungledinh@gmail.com\', address=\'null\', gender=\'nam\', enable=1, num_log_in=0}\n, UserModel{id=68, userName=\'test10\', passWord=\'a665a45920422f9d417e4867efdc4fb8a04a1f3fff1fa07e998e86f7f7a27ae3\', role=0, fullName=\'test10\', phoneNum=\'null\', email=\'quocdungledinh@gmail.com\', address=\'null\', gender=\'nam\', enable=1, num_log_in=0}\n, UserModel{id=69, userName=\'tmdt2024\', passWord=\'ed0d841fe3e187be315ff6d45c116d9271b5e1c713f541005998e93feeca552c\', role=0, fullName=\'Thng mi in t\', phoneNum=\'0123456789\', email=\'rivasvow@gmail.com\', address=\'i hc Nng Lm\', gender=\'nam\', enable=1, num_log_in=0}\n]', '2024-03-20 21:15:04', 0, '0:0:0:0:0:0:0:1');
INSERT INTO `log` VALUES (1289, 0, 11, 'List-User', '{\"draw\":2,\"recordsTotal\":25,\"recordsFiltered\":25,\"data\":[null,null,null,null,null,null,null,null,null,null]}', '2024-03-20 21:15:04', 0, '0:0:0:0:0:0:0:1');
INSERT INTO `log` VALUES (1290, 0, 11, 'AUTH  USER LOGIN SUCCESS', ' USER LOGIN SUCCESS: User - huyen', '2024-03-20 21:18:15', 0, '0:0:0:0:0:0:0:1');
INSERT INTO `log` VALUES (1291, 0, 11, 'List-User', '[UserModel{id=11, userName=\'huyen\', passWord=\'5994471abb01112afcc18159f6cc74b4f511b99806da59b3caf5a9c173cacfc5\', role=1, fullName=\'Nlu\', phoneNum=\'null\', email=\'20130013@st.hcmuaf.edu.vn\', address=\'null\', gender=\'n\', enable=1, num_log_in=0}\n, UserModel{id=13, userName=\'dung\', passWord=\'dcba4dc5e7b929e71c6978efcf274cc40d280be701562c6c5b805c6491a5c824\', role=1, fullName=\'l nh quc dng\', phoneNum=\'null\', email=\'quocdungledinh@gmail.com\', address=\'null\', gender=\'nam\', enable=1, num_log_in=0}\n, UserModel{id=25, userName=\'dung4\', passWord=\'dcba4dc5e7b929e71c6978efcf274cc40d280be701562c6c5b805c6491a5c824\', role=0, fullName=\'l nh quc dng\', phoneNum=\'0355806119\', email=\'quocdungledinh@gmail.com\', address=\'KTX khu B HQG, ng Hoa, Di An, Binh Dng\', gender=\'nam\', enable=1, num_log_in=0}\n, UserModel{id=26, userName=\'dung6\', passWord=\'dcba4dc5e7b929e71c6978efcf274cc40d280be701562c6c5b805c6491a5c824\', role=0, fullName=\'l nh quc dng\', phoneNum=\'null\', email=\'quocdungledinh@gmail.com\', address=\'null\', gender=\'nam\', enable=1, num_log_in=0}\n, UserModel{id=30, userName=\'t4\', passWord=\'dcba4dc5e7b929e71c6978efcf274cc40d280be701562c6c5b805c6491a5c824\', role=0, fullName=\'test4\', phoneNum=\'null\', email=\'test@gmail.com\', address=\'null\', gender=\'null\', enable=1, num_log_in=0}\n, UserModel{id=34, userName=\'t8\', passWord=\'dcba4dc5e7b929e71c6978efcf274cc40d280be701562c6c5b805c6491a5c824\', role=0, fullName=\'null\', phoneNum=\'null\', email=\'0\', address=\'null\', gender=\'null\', enable=1, num_log_in=0}\n, UserModel{id=35, userName=\'t9\', passWord=\'dcba4dc5e7b929e71c6978efcf274cc40d280be701562c6c5b805c6491a5c824\', role=0, fullName=\'null\', phoneNum=\'null\', email=\'0\', address=\'null\', gender=\'null\', enable=1, num_log_in=0}\n, UserModel{id=38, userName=\'t12\', passWord=\'dcba4dc5e7b929e71c6978efcf274cc40d280be701562c6c5b805c6491a5c824\', role=0, fullName=\'o tht y\', phoneNum=\'null\', email=\'quocdungledinh@gmail.com\', address=\'null\', gender=\'null\', enable=2, num_log_in=0}\n, UserModel{id=40, userName=\'t14\', passWord=\'dcba4dc5e7b929e71c6978efcf274cc40d280be701562c6c5b805c6491a5c824\', role=0, fullName=\'null\', phoneNum=\'null\', email=\'quocdungledinh@gmail.com\', address=\'null\', gender=\'null\', enable=0, num_log_in=0}\n, UserModel{id=54, userName=\'dung2\', passWord=\'dcba4dc5e7b929e71c6978efcf274cc40d280be701562c6c5b805c6491a5c824\', role=0, fullName=\'l nh quc dng\', phoneNum=\'null\', email=\'quocdungledinh@gmail.com\', address=\'null\', gender=\'nam\', enable=1, num_log_in=0}\n, UserModel{id=55, userName=\'dung12\', passWord=\'dcba4dc5e7b929e71c6978efcf274cc40d280be701562c6c5b805c6491a5c824\', role=0, fullName=\'l nh quc dng\', phoneNum=\'0355806119\', email=\'quocdungledinh@gmail.com\', address=\'\', gender=\'nam\', enable=1, num_log_in=0}\n, UserModel{id=56, userName=\'test1\', passWord=\'dcba4dc5e7b929e71c6978efcf274cc40d280be701562c6c5b805c6491a5c824\', role=0, fullName=\'l nh quc dng\', phoneNum=\'\', email=\'quocdungledinh@gmail.com\', address=\'\', gender=\'nam\', enable=1, num_log_in=0}\n, UserModel{id=57, userName=\'admin\', passWord=\'dcba4dc5e7b929e71c6978efcf274cc40d280be701562c6c5b805c6491a5c824\', role=1, fullName=\'admin\', phoneNum=\'0333027154\', email=\'quocdungledinh@gmail.com\', address=\'null\', gender=\'nam\', enable=1, num_log_in=0}\n, UserModel{id=58, userName=\'datt\', passWord=\'f0fce59379cc3c4e9e99a848f03e650373c1d6e62ae1a05644c86f8c6e502b9a\', role=0, fullName=\'Nguyn Thnh t\', phoneNum=\'0867155409\', email=\'ngthanh.dat1305@gmail.com\', address=\'Th c\', gender=\'nam\', enable=1, num_log_in=0}\n, UserModel{id=59, userName=\'Nguyn Thnh t\', passWord=\'b7a8240da0e4ee5e13794fbd7bacc168023592f17ea7830bae67e981c1ffd66d\', role=0, fullName=\'Nguyn Thnh t\', phoneNum=\'null\', email=\'20130013@st.hcmuaf.edu.vn\', address=\'null\', gender=\'null\', enable=0, num_log_in=0}\n, UserModel{id=60, userName=\'L Dng\', passWord=\'1ec7c8606082177a116b3ea4446307eaa3d8936dd4f3da545fca6af8d7665ceb\', role=0, fullName=\'L Dng\', phoneNum=\'null\', email=\'quocdungledinh@gmail.com\', address=\'null\', gender=\'null\', enable=0, num_log_in=0}\n, UserModel{id=61, userName=\'Thnh t Nguyn\', passWord=\'71af45ad57e9219e5dd1260d70617a0e149e30fa75938127205eac83ed9b3909\', role=0, fullName=\'Thnh t Nguyn\', phoneNum=\'null\', email=\'ngthanh.dat1305@gmail.com\', address=\'null\', gender=\'null\', enable=0, num_log_in=0}\n, UserModel{id=62, userName=\'ga la\', passWord=\'6bbc041675ca2df05887663d68e0162c285ce348fc9c7a3f6f09fc113ffd2bf2\', role=0, fullName=\'ga la\', phoneNum=\'null\', email=\'laga2134@gmail.com\', address=\'null\', gender=\'null\', enable=0, num_log_in=0}\n, UserModel{id=63, userName=\'dung5\', passWord=\'dcba4dc5e7b929e71c6978efcf274cc40d280be701562c6c5b805c6491a5c824\', role=0, fullName=\'l nh quc dng\', phoneNum=\'null\', email=\'quocdungledinh@gmail.com\', address=\'null\', gender=\'nam\', enable=0, num_log_in=0}\n, UserModel{id=64, userName=\'usertest\', passWord=\'c015bc9b6d57b9f1ca4fa1e2eaec1722f076c8a698476403b202d3db5edf6438\', role=0, fullName=\'Nguyn Vn A\', phoneNum=\'null\', email=\'kieudiem.to2006@gmail.com\', address=\'null\', gender=\'nam\', enable=1, num_log_in=0}\n, UserModel{id=65, userName=\'test5\', passWord=\'dcba4dc5e7b929e71c6978efcf274cc40d280be701562c6c5b805c6491a5c824\', role=0, fullName=\'test5\', phoneNum=\'null\', email=\'quocdungledinh@gmail.com\', address=\'null\', gender=\'nam\', enable=0, num_log_in=0}\n, UserModel{id=66, userName=\'test9\', passWord=\'dcba4dc5e7b929e71c6978efcf274cc40d280be701562c6c5b805c6491a5c824\', role=0, fullName=\'test9\', phoneNum=\'null\', email=\'quocdungledinh@gmail.com\', address=\'null\', gender=\'nam\', enable=0, num_log_in=0}\n, UserModel{id=67, userName=\'testt1\', passWord=\'dcba4dc5e7b929e71c6978efcf274cc40d280be701562c6c5b805c6491a5c824\', role=0, fullName=\'l nh quc dng\', phoneNum=\'null\', email=\'quocdungledinh@gmail.com\', address=\'null\', gender=\'nam\', enable=1, num_log_in=0}\n, UserModel{id=68, userName=\'test10\', passWord=\'a665a45920422f9d417e4867efdc4fb8a04a1f3fff1fa07e998e86f7f7a27ae3\', role=0, fullName=\'test10\', phoneNum=\'null\', email=\'quocdungledinh@gmail.com\', address=\'null\', gender=\'nam\', enable=1, num_log_in=0}\n, UserModel{id=69, userName=\'tmdt2024\', passWord=\'ed0d841fe3e187be315ff6d45c116d9271b5e1c713f541005998e93feeca552c\', role=0, fullName=\'Thng mi in t\', phoneNum=\'0123456789\', email=\'rivasvow@gmail.com\', address=\'i hc Nng Lm\', gender=\'nam\', enable=1, num_log_in=0}\n]', '2024-03-20 21:18:34', 0, '0:0:0:0:0:0:0:1');
INSERT INTO `log` VALUES (1292, 0, 11, 'List-User', '{\"draw\":2,\"recordsTotal\":25,\"recordsFiltered\":25,\"data\":[null,null,null,null,null,null,null,null,null,null]}', '2024-03-20 21:18:35', 0, '0:0:0:0:0:0:0:1');
INSERT INTO `log` VALUES (1293, 0, 11, 'List-User', '{\"draw\":2,\"recordsTotal\":25,\"recordsFiltered\":25,\"data\":[null,null,null,null,null,null,null,null,null,null]}', '2024-03-20 21:19:05', 0, '0:0:0:0:0:0:0:1');
INSERT INTO `log` VALUES (1294, 0, 11, 'List-User', '{\"draw\":2,\"recordsTotal\":25,\"recordsFiltered\":25,\"data\":[null,null,null,null,null,null,null,null,null,null]}', '2024-03-20 21:19:09', 0, '0:0:0:0:0:0:0:1');
INSERT INTO `log` VALUES (1295, 0, 11, 'AUTH  USER LOGIN SUCCESS', ' USER LOGIN SUCCESS: User - huyen', '2024-03-20 21:25:43', 0, '0:0:0:0:0:0:0:1');
INSERT INTO `log` VALUES (1296, 0, 11, 'List-User', '[UserModel{id=11, userName=\'huyen\', passWord=\'5994471abb01112afcc18159f6cc74b4f511b99806da59b3caf5a9c173cacfc5\', role=1, fullName=\'Nlu\', phoneNum=\'null\', email=\'20130013@st.hcmuaf.edu.vn\', address=\'null\', gender=\'n\', enable=1, num_log_in=0}\n, UserModel{id=13, userName=\'dung\', passWord=\'dcba4dc5e7b929e71c6978efcf274cc40d280be701562c6c5b805c6491a5c824\', role=1, fullName=\'l nh quc dng\', phoneNum=\'null\', email=\'quocdungledinh@gmail.com\', address=\'null\', gender=\'nam\', enable=1, num_log_in=0}\n, UserModel{id=25, userName=\'dung4\', passWord=\'dcba4dc5e7b929e71c6978efcf274cc40d280be701562c6c5b805c6491a5c824\', role=0, fullName=\'l nh quc dng\', phoneNum=\'0355806119\', email=\'quocdungledinh@gmail.com\', address=\'KTX khu B HQG, ng Hoa, Di An, Binh Dng\', gender=\'nam\', enable=1, num_log_in=0}\n, UserModel{id=26, userName=\'dung6\', passWord=\'dcba4dc5e7b929e71c6978efcf274cc40d280be701562c6c5b805c6491a5c824\', role=0, fullName=\'l nh quc dng\', phoneNum=\'null\', email=\'quocdungledinh@gmail.com\', address=\'null\', gender=\'nam\', enable=1, num_log_in=0}\n, UserModel{id=30, userName=\'t4\', passWord=\'dcba4dc5e7b929e71c6978efcf274cc40d280be701562c6c5b805c6491a5c824\', role=0, fullName=\'test4\', phoneNum=\'null\', email=\'test@gmail.com\', address=\'null\', gender=\'null\', enable=1, num_log_in=0}\n, UserModel{id=34, userName=\'t8\', passWord=\'dcba4dc5e7b929e71c6978efcf274cc40d280be701562c6c5b805c6491a5c824\', role=0, fullName=\'null\', phoneNum=\'null\', email=\'0\', address=\'null\', gender=\'null\', enable=1, num_log_in=0}\n, UserModel{id=35, userName=\'t9\', passWord=\'dcba4dc5e7b929e71c6978efcf274cc40d280be701562c6c5b805c6491a5c824\', role=0, fullName=\'null\', phoneNum=\'null\', email=\'0\', address=\'null\', gender=\'null\', enable=1, num_log_in=0}\n, UserModel{id=38, userName=\'t12\', passWord=\'dcba4dc5e7b929e71c6978efcf274cc40d280be701562c6c5b805c6491a5c824\', role=0, fullName=\'o tht y\', phoneNum=\'null\', email=\'quocdungledinh@gmail.com\', address=\'null\', gender=\'null\', enable=2, num_log_in=0}\n, UserModel{id=40, userName=\'t14\', passWord=\'dcba4dc5e7b929e71c6978efcf274cc40d280be701562c6c5b805c6491a5c824\', role=0, fullName=\'null\', phoneNum=\'null\', email=\'quocdungledinh@gmail.com\', address=\'null\', gender=\'null\', enable=0, num_log_in=0}\n, UserModel{id=54, userName=\'dung2\', passWord=\'dcba4dc5e7b929e71c6978efcf274cc40d280be701562c6c5b805c6491a5c824\', role=0, fullName=\'l nh quc dng\', phoneNum=\'null\', email=\'quocdungledinh@gmail.com\', address=\'null\', gender=\'nam\', enable=1, num_log_in=0}\n, UserModel{id=55, userName=\'dung12\', passWord=\'dcba4dc5e7b929e71c6978efcf274cc40d280be701562c6c5b805c6491a5c824\', role=0, fullName=\'l nh quc dng\', phoneNum=\'0355806119\', email=\'quocdungledinh@gmail.com\', address=\'\', gender=\'nam\', enable=1, num_log_in=0}\n, UserModel{id=56, userName=\'test1\', passWord=\'dcba4dc5e7b929e71c6978efcf274cc40d280be701562c6c5b805c6491a5c824\', role=0, fullName=\'l nh quc dng\', phoneNum=\'\', email=\'quocdungledinh@gmail.com\', address=\'\', gender=\'nam\', enable=1, num_log_in=0}\n, UserModel{id=57, userName=\'admin\', passWord=\'dcba4dc5e7b929e71c6978efcf274cc40d280be701562c6c5b805c6491a5c824\', role=1, fullName=\'admin\', phoneNum=\'0333027154\', email=\'quocdungledinh@gmail.com\', address=\'null\', gender=\'nam\', enable=1, num_log_in=0}\n, UserModel{id=58, userName=\'datt\', passWord=\'f0fce59379cc3c4e9e99a848f03e650373c1d6e62ae1a05644c86f8c6e502b9a\', role=0, fullName=\'Nguyn Thnh t\', phoneNum=\'0867155409\', email=\'ngthanh.dat1305@gmail.com\', address=\'Th c\', gender=\'nam\', enable=1, num_log_in=0}\n, UserModel{id=59, userName=\'Nguyn Thnh t\', passWord=\'b7a8240da0e4ee5e13794fbd7bacc168023592f17ea7830bae67e981c1ffd66d\', role=0, fullName=\'Nguyn Thnh t\', phoneNum=\'null\', email=\'20130013@st.hcmuaf.edu.vn\', address=\'null\', gender=\'null\', enable=0, num_log_in=0}\n, UserModel{id=60, userName=\'L Dng\', passWord=\'1ec7c8606082177a116b3ea4446307eaa3d8936dd4f3da545fca6af8d7665ceb\', role=0, fullName=\'L Dng\', phoneNum=\'null\', email=\'quocdungledinh@gmail.com\', address=\'null\', gender=\'null\', enable=0, num_log_in=0}\n, UserModel{id=61, userName=\'Thnh t Nguyn\', passWord=\'71af45ad57e9219e5dd1260d70617a0e149e30fa75938127205eac83ed9b3909\', role=0, fullName=\'Thnh t Nguyn\', phoneNum=\'null\', email=\'ngthanh.dat1305@gmail.com\', address=\'null\', gender=\'null\', enable=0, num_log_in=0}\n, UserModel{id=62, userName=\'ga la\', passWord=\'6bbc041675ca2df05887663d68e0162c285ce348fc9c7a3f6f09fc113ffd2bf2\', role=0, fullName=\'ga la\', phoneNum=\'null\', email=\'laga2134@gmail.com\', address=\'null\', gender=\'null\', enable=0, num_log_in=0}\n, UserModel{id=63, userName=\'dung5\', passWord=\'dcba4dc5e7b929e71c6978efcf274cc40d280be701562c6c5b805c6491a5c824\', role=0, fullName=\'l nh quc dng\', phoneNum=\'null\', email=\'quocdungledinh@gmail.com\', address=\'null\', gender=\'nam\', enable=0, num_log_in=0}\n, UserModel{id=64, userName=\'usertest\', passWord=\'c015bc9b6d57b9f1ca4fa1e2eaec1722f076c8a698476403b202d3db5edf6438\', role=0, fullName=\'Nguyn Vn A\', phoneNum=\'null\', email=\'kieudiem.to2006@gmail.com\', address=\'null\', gender=\'nam\', enable=1, num_log_in=0}\n, UserModel{id=65, userName=\'test5\', passWord=\'dcba4dc5e7b929e71c6978efcf274cc40d280be701562c6c5b805c6491a5c824\', role=0, fullName=\'test5\', phoneNum=\'null\', email=\'quocdungledinh@gmail.com\', address=\'null\', gender=\'nam\', enable=0, num_log_in=0}\n, UserModel{id=66, userName=\'test9\', passWord=\'dcba4dc5e7b929e71c6978efcf274cc40d280be701562c6c5b805c6491a5c824\', role=0, fullName=\'test9\', phoneNum=\'null\', email=\'quocdungledinh@gmail.com\', address=\'null\', gender=\'nam\', enable=0, num_log_in=0}\n, UserModel{id=67, userName=\'testt1\', passWord=\'dcba4dc5e7b929e71c6978efcf274cc40d280be701562c6c5b805c6491a5c824\', role=0, fullName=\'l nh quc dng\', phoneNum=\'null\', email=\'quocdungledinh@gmail.com\', address=\'null\', gender=\'nam\', enable=1, num_log_in=0}\n, UserModel{id=68, userName=\'test10\', passWord=\'a665a45920422f9d417e4867efdc4fb8a04a1f3fff1fa07e998e86f7f7a27ae3\', role=0, fullName=\'test10\', phoneNum=\'null\', email=\'quocdungledinh@gmail.com\', address=\'null\', gender=\'nam\', enable=1, num_log_in=0}\n, UserModel{id=69, userName=\'tmdt2024\', passWord=\'ed0d841fe3e187be315ff6d45c116d9271b5e1c713f541005998e93feeca552c\', role=0, fullName=\'Thng mi in t\', phoneNum=\'0123456789\', email=\'rivasvow@gmail.com\', address=\'i hc Nng Lm\', gender=\'nam\', enable=1, num_log_in=0}\n]', '2024-03-20 21:25:46', 0, '0:0:0:0:0:0:0:1');
INSERT INTO `log` VALUES (1297, 0, 11, 'List-User', '{\"draw\":2,\"recordsTotal\":3,\"recordsFiltered\":3,\"data\":[{\"id\":11,\"ids\":null,\"idPms\":null,\"userName\":\"huyen\",\"passWord\":\"5994471abb01112afcc18159f6cc74b4f511b99806da59b3caf5a9c173cacfc5\",\"role\":1,\"fullName\":\"Nlu\",\"phoneNum\":null,\"email\":\"20130013@st.hcmuaf.edu.vn\",\"address\":null,\"gender\":\"n\",\"enable\":1,\"num_log_in\":0,\"access_token\":null,\"roleTitle\":\"admin\"},{\"id\":13,\"ids\":null,\"idPms\":null,\"userName\":\"dung\",\"passWord\":\"dcba4dc5e7b929e71c6978efcf274cc40d280be701562c6c5b805c6491a5c824\",\"role\":1,\"fullName\":\"l nh quc dng\",\"phoneNum\":null,\"email\":\"quocdungledinh@gmail.com\",\"address\":null,\"gender\":\"nam\",\"enable\":1,\"num_log_in\":0,\"access_token\":null,\"roleTitle\":\"admin\"},{\"id\":57,\"ids\":null,\"idPms\":null,\"userName\":\"admin\",\"passWord\":\"dcba4dc5e7b929e71c6978efcf274cc40d280be701562c6c5b805c6491a5c824\",\"role\":1,\"fullName\":\"admin\",\"phoneNum\":\"0333027154\",\"email\":\"quocdungledinh@gmail.com\",\"address\":null,\"gender\":\"nam\",\"enable\":1,\"num_log_in\":0,\"access_token\":null,\"roleTitle\":\"admin\"}]}', '2024-03-20 21:25:47', 0, '0:0:0:0:0:0:0:1');
INSERT INTO `log` VALUES (1298, 0, 11, 'AUTH  USER LOGIN SUCCESS', ' USER LOGIN SUCCESS: User - huyen', '2024-03-20 21:53:44', 0, '0:0:0:0:0:0:0:1');
INSERT INTO `log` VALUES (1299, 0, 11, 'List-User', '[UserModel{id=11, userName=\'huyen\', passWord=\'5994471abb01112afcc18159f6cc74b4f511b99806da59b3caf5a9c173cacfc5\', role=1, fullName=\'Nlu\', phoneNum=\'null\', email=\'20130013@st.hcmuaf.edu.vn\', address=\'null\', gender=\'n\', enable=1, num_log_in=0}\n, UserModel{id=13, userName=\'dung\', passWord=\'dcba4dc5e7b929e71c6978efcf274cc40d280be701562c6c5b805c6491a5c824\', role=1, fullName=\'l nh quc dng\', phoneNum=\'null\', email=\'quocdungledinh@gmail.com\', address=\'null\', gender=\'nam\', enable=1, num_log_in=0}\n, UserModel{id=25, userName=\'dung4\', passWord=\'dcba4dc5e7b929e71c6978efcf274cc40d280be701562c6c5b805c6491a5c824\', role=0, fullName=\'l nh quc dng\', phoneNum=\'0355806119\', email=\'quocdungledinh@gmail.com\', address=\'KTX khu B HQG, ng Hoa, Di An, Binh Dng\', gender=\'nam\', enable=1, num_log_in=0}\n, UserModel{id=26, userName=\'dung6\', passWord=\'dcba4dc5e7b929e71c6978efcf274cc40d280be701562c6c5b805c6491a5c824\', role=0, fullName=\'l nh quc dng\', phoneNum=\'null\', email=\'quocdungledinh@gmail.com\', address=\'null\', gender=\'nam\', enable=1, num_log_in=0}\n, UserModel{id=30, userName=\'t4\', passWord=\'dcba4dc5e7b929e71c6978efcf274cc40d280be701562c6c5b805c6491a5c824\', role=0, fullName=\'test4\', phoneNum=\'null\', email=\'test@gmail.com\', address=\'null\', gender=\'null\', enable=1, num_log_in=0}\n, UserModel{id=34, userName=\'t8\', passWord=\'dcba4dc5e7b929e71c6978efcf274cc40d280be701562c6c5b805c6491a5c824\', role=0, fullName=\'null\', phoneNum=\'null\', email=\'0\', address=\'null\', gender=\'null\', enable=1, num_log_in=0}\n, UserModel{id=35, userName=\'t9\', passWord=\'dcba4dc5e7b929e71c6978efcf274cc40d280be701562c6c5b805c6491a5c824\', role=0, fullName=\'null\', phoneNum=\'null\', email=\'0\', address=\'null\', gender=\'null\', enable=1, num_log_in=0}\n, UserModel{id=38, userName=\'t12\', passWord=\'dcba4dc5e7b929e71c6978efcf274cc40d280be701562c6c5b805c6491a5c824\', role=0, fullName=\'o tht y\', phoneNum=\'null\', email=\'quocdungledinh@gmail.com\', address=\'null\', gender=\'null\', enable=2, num_log_in=0}\n, UserModel{id=40, userName=\'t14\', passWord=\'dcba4dc5e7b929e71c6978efcf274cc40d280be701562c6c5b805c6491a5c824\', role=0, fullName=\'null\', phoneNum=\'null\', email=\'quocdungledinh@gmail.com\', address=\'null\', gender=\'null\', enable=0, num_log_in=0}\n, UserModel{id=54, userName=\'dung2\', passWord=\'dcba4dc5e7b929e71c6978efcf274cc40d280be701562c6c5b805c6491a5c824\', role=0, fullName=\'l nh quc dng\', phoneNum=\'null\', email=\'quocdungledinh@gmail.com\', address=\'null\', gender=\'nam\', enable=1, num_log_in=0}\n, UserModel{id=55, userName=\'dung12\', passWord=\'dcba4dc5e7b929e71c6978efcf274cc40d280be701562c6c5b805c6491a5c824\', role=0, fullName=\'l nh quc dng\', phoneNum=\'0355806119\', email=\'quocdungledinh@gmail.com\', address=\'\', gender=\'nam\', enable=1, num_log_in=0}\n, UserModel{id=56, userName=\'test1\', passWord=\'dcba4dc5e7b929e71c6978efcf274cc40d280be701562c6c5b805c6491a5c824\', role=0, fullName=\'l nh quc dng\', phoneNum=\'\', email=\'quocdungledinh@gmail.com\', address=\'\', gender=\'nam\', enable=1, num_log_in=0}\n, UserModel{id=57, userName=\'admin\', passWord=\'dcba4dc5e7b929e71c6978efcf274cc40d280be701562c6c5b805c6491a5c824\', role=1, fullName=\'admin\', phoneNum=\'0333027154\', email=\'quocdungledinh@gmail.com\', address=\'null\', gender=\'nam\', enable=1, num_log_in=0}\n, UserModel{id=58, userName=\'datt\', passWord=\'f0fce59379cc3c4e9e99a848f03e650373c1d6e62ae1a05644c86f8c6e502b9a\', role=0, fullName=\'Nguyn Thnh t\', phoneNum=\'0867155409\', email=\'ngthanh.dat1305@gmail.com\', address=\'Th c\', gender=\'nam\', enable=1, num_log_in=0}\n, UserModel{id=59, userName=\'Nguyn Thnh t\', passWord=\'b7a8240da0e4ee5e13794fbd7bacc168023592f17ea7830bae67e981c1ffd66d\', role=0, fullName=\'Nguyn Thnh t\', phoneNum=\'null\', email=\'20130013@st.hcmuaf.edu.vn\', address=\'null\', gender=\'null\', enable=0, num_log_in=0}\n, UserModel{id=60, userName=\'L Dng\', passWord=\'1ec7c8606082177a116b3ea4446307eaa3d8936dd4f3da545fca6af8d7665ceb\', role=0, fullName=\'L Dng\', phoneNum=\'null\', email=\'quocdungledinh@gmail.com\', address=\'null\', gender=\'null\', enable=0, num_log_in=0}\n, UserModel{id=61, userName=\'Thnh t Nguyn\', passWord=\'71af45ad57e9219e5dd1260d70617a0e149e30fa75938127205eac83ed9b3909\', role=0, fullName=\'Thnh t Nguyn\', phoneNum=\'null\', email=\'ngthanh.dat1305@gmail.com\', address=\'null\', gender=\'null\', enable=0, num_log_in=0}\n, UserModel{id=62, userName=\'ga la\', passWord=\'6bbc041675ca2df05887663d68e0162c285ce348fc9c7a3f6f09fc113ffd2bf2\', role=0, fullName=\'ga la\', phoneNum=\'null\', email=\'laga2134@gmail.com\', address=\'null\', gender=\'null\', enable=0, num_log_in=0}\n, UserModel{id=63, userName=\'dung5\', passWord=\'dcba4dc5e7b929e71c6978efcf274cc40d280be701562c6c5b805c6491a5c824\', role=0, fullName=\'l nh quc dng\', phoneNum=\'null\', email=\'quocdungledinh@gmail.com\', address=\'null\', gender=\'nam\', enable=0, num_log_in=0}\n, UserModel{id=64, userName=\'usertest\', passWord=\'c015bc9b6d57b9f1ca4fa1e2eaec1722f076c8a698476403b202d3db5edf6438\', role=0, fullName=\'Nguyn Vn A\', phoneNum=\'null\', email=\'kieudiem.to2006@gmail.com\', address=\'null\', gender=\'nam\', enable=1, num_log_in=0}\n, UserModel{id=65, userName=\'test5\', passWord=\'dcba4dc5e7b929e71c6978efcf274cc40d280be701562c6c5b805c6491a5c824\', role=0, fullName=\'test5\', phoneNum=\'null\', email=\'quocdungledinh@gmail.com\', address=\'null\', gender=\'nam\', enable=0, num_log_in=0}\n, UserModel{id=66, userName=\'test9\', passWord=\'dcba4dc5e7b929e71c6978efcf274cc40d280be701562c6c5b805c6491a5c824\', role=0, fullName=\'test9\', phoneNum=\'null\', email=\'quocdungledinh@gmail.com\', address=\'null\', gender=\'nam\', enable=0, num_log_in=0}\n, UserModel{id=67, userName=\'testt1\', passWord=\'dcba4dc5e7b929e71c6978efcf274cc40d280be701562c6c5b805c6491a5c824\', role=0, fullName=\'l nh quc dng\', phoneNum=\'null\', email=\'quocdungledinh@gmail.com\', address=\'null\', gender=\'nam\', enable=1, num_log_in=0}\n, UserModel{id=68, userName=\'test10\', passWord=\'a665a45920422f9d417e4867efdc4fb8a04a1f3fff1fa07e998e86f7f7a27ae3\', role=0, fullName=\'test10\', phoneNum=\'null\', email=\'quocdungledinh@gmail.com\', address=\'null\', gender=\'nam\', enable=1, num_log_in=0}\n, UserModel{id=69, userName=\'tmdt2024\', passWord=\'ed0d841fe3e187be315ff6d45c116d9271b5e1c713f541005998e93feeca552c\', role=0, fullName=\'Thng mi in t\', phoneNum=\'0123456789\', email=\'rivasvow@gmail.com\', address=\'i hc Nng Lm\', gender=\'nam\', enable=1, num_log_in=0}\n]', '2024-03-20 21:53:48', 0, '0:0:0:0:0:0:0:1');
INSERT INTO `log` VALUES (1300, 0, 11, 'List-User', '{\"draw\":2,\"recordsTotal\":3,\"recordsFiltered\":3,\"data\":[{\"id\":11,\"ids\":null,\"idPms\":null,\"userName\":\"huyen\",\"passWord\":\"5994471abb01112afcc18159f6cc74b4f511b99806da59b3caf5a9c173cacfc5\",\"role\":1,\"fullName\":\"Nlu\",\"phoneNum\":null,\"email\":\"20130013@st.hcmuaf.edu.vn\",\"address\":null,\"gender\":\"n\",\"enable\":1,\"num_log_in\":0,\"access_token\":null,\"roleTitle\":\"admin\"},{\"id\":13,\"ids\":null,\"idPms\":null,\"userName\":\"dung\",\"passWord\":\"dcba4dc5e7b929e71c6978efcf274cc40d280be701562c6c5b805c6491a5c824\",\"role\":1,\"fullName\":\"l nh quc dng\",\"phoneNum\":null,\"email\":\"quocdungledinh@gmail.com\",\"address\":null,\"gender\":\"nam\",\"enable\":1,\"num_log_in\":0,\"access_token\":null,\"roleTitle\":\"admin\"},{\"id\":57,\"ids\":null,\"idPms\":null,\"userName\":\"admin\",\"passWord\":\"dcba4dc5e7b929e71c6978efcf274cc40d280be701562c6c5b805c6491a5c824\",\"role\":1,\"fullName\":\"admin\",\"phoneNum\":\"0333027154\",\"email\":\"quocdungledinh@gmail.com\",\"address\":null,\"gender\":\"nam\",\"enable\":1,\"num_log_in\":0,\"access_token\":null,\"roleTitle\":\"admin\"}]}', '2024-03-20 21:53:48', 0, '0:0:0:0:0:0:0:1');
INSERT INTO `log` VALUES (1301, 0, 11, 'List-invoice', '[Order{oder_id=12, user_name=\'dung4\', total_money=5990000, fee=1580500, date_order=2023-05-04, payment=\'Giao hng thu tin tn nh\', transport=\'API\', status=2, address=\'269:2264:80213\', note=\'\'}, Order{oder_id=13, user_name=\'dung4\', total_money=899000, fee=1580500, date_order=2023-05-04, payment=\'Giao hng thu tin tn nh\', transport=\'API\', status=2, address=\'264:2017:70708\', note=\'\'}, Order{oder_id=14, user_name=\'dung4\', total_money=5990000, fee=912000, date_order=2023-05-04, payment=\'Giao hng thu tin tn nh\', transport=\'API\', status=2, address=\'262:3279:370814\', note=\'\'}, Order{oder_id=15, user_name=\'dung4\', total_money=1290000, fee=1580500, date_order=2023-05-04, payment=\'Giao hng thu tin tn nh\', transport=\'API\', status=2, address=\'265:2179:621014\', note=\'\'}, Order{oder_id=16, user_name=\'dung4\', total_money=1990000, fee=1580500, date_order=2023-05-04, payment=\'Giao hng thu tin tn nh\', transport=\'API\', status=2, address=\'265:2170:620905\', note=\'\'}, Order{oder_id=17, user_name=\'dung4\', total_money=5990000, fee=1580500, date_order=2023-05-04, payment=\'Giao hng thu tin tn nh\', transport=\'API\', status=2, address=\'268:2046:220908\', note=\'\'}, Order{oder_id=18, user_name=\'dung4\', total_money=1290000, fee=1580500, date_order=2023-05-04, payment=\'Giao hng thu tin tn nh\', transport=\'API\', status=2, address=\'267:2156:230528\', note=\'\'}, Order{oder_id=19, user_name=\'dung4\', total_money=1290000, fee=1580500, date_order=2023-05-15, payment=\'Giao hng thu tin tn nh\', transport=\'API\', status=2, address=\'267:2156:230522\', note=\'\'}, Order{oder_id=20, user_name=\'datt\', total_money=11215000, fee=912000, date_order=2023-06-12, payment=\'Giao hng thu tin tn nh\', transport=\'212:2084:530412\', status=2, address=\'Phng Phc Long B, Thnh Ph Th c, H Ch Minh\', note=\'Giao hng nhanh\'}, Order{oder_id=21, user_name=\'Nguyn Thnh t\', total_money=4990000, fee=912000, date_order=2023-06-13, payment=\'Giao hng thu tin tn nh\', transport=\'212:2084:530412\', status=2, address=\'Phng Phc Long B, Thnh Ph Th c, H Ch Minh\', note=\'Ok\'}, Order{oder_id=22, user_name=\'Nguyn Thnh t\', total_money=5990000, fee=674500, date_order=2023-06-13, payment=\'Giao hng thu tin tn nh\', transport=\'212:2084:530412\', status=2, address=\'Phng Phc Long B, Thnh Ph Th c, H Ch Minh\', note=\'ok\'}, Order{oder_id=23, user_name=\'huyen\', total_money=176000, fee=912000, date_order=2023-06-13, payment=\'Giao hng thu tin tn nh\', transport=\'258:1779:470702\', status=2, address=\'X Ea H\'leo, Huyn Ea H leo, k Lk\', note=\'Ok shop\'}, Order{oder_id=24, user_name=\'huyen\', total_money=1290000, fee=912000, date_order=2023-06-13, payment=\'Giao hng thu tin tn nh\', transport=\'258:1779:470702\', status=2, address=\'Th trn V Xu, Huyn c Linh, Bnh Thun\', note=\'ok\'}, Order{oder_id=25, user_name=\'datt\', total_money=899000, fee=912000, date_order=2023-06-13, payment=\'Giao hng thu tin tn nh\', transport=\'258:1779:470702\', status=2, address=\'Th trn V Xu, Huyn c Linh, Bnh Thun\', note=\'Test\'}, Order{oder_id=26, user_name=\'datt\', total_money=1290000, fee=912000, date_order=2023-06-13, payment=\'Giao hng thu tin tn nh\', transport=\'258:1779:470702\', status=2, address=\'Th trn V Xu, Huyn c Linh, Bnh Thun\', note=\'fix\'}, Order{oder_id=27, user_name=\'huyen\', total_money=1290000, fee=912000, date_order=2023-06-17, payment=\'Giao hng thu tin tn nh\', transport=\'212:2084:530412\', status=2, address=\'X Ph Cng, Huyn Cai Ly, Tin Giang\', note=\'\'}, Order{oder_id=28, user_name=\'dung4\', total_money=176000, fee=1580500, date_order=2023-06-20, payment=\'Giao hng thu tin tn nh\', transport=\'268:2194:220708\', status=2, address=\'X Nht Quang, Huyn Ph C, Hng Yn\', note=\'\'}, Order{oder_id=29, user_name=\'dung4\', total_money=176000, fee=1580500, date_order=2023-06-20, payment=\'Giao hng thu tin tn nh\', transport=\'266:2204:140210\', status=2, address=\'X Nm t, Huyn Qunh Nhai, Sn La\', note=\'\'}, Order{oder_id=30, user_name=\'Nguyn Thnh t\', total_money=3870000, fee=912000, date_order=2023-06-20, payment=\'Giao hng thu tin tn nh\', transport=\'212:2084:530412\', status=2, address=\'X Ph Cng, Huyn Cai Ly, Tin Giang\', note=\'Giao hng nhanh\'}, Order{oder_id=31, user_name=\'usertest\', total_money=3580000, fee=674500, date_order=2023-06-21, payment=\'Giao hng thu tin tn nh\', transport=\'202:3695:90737\', status=0, address=\'Phng Linh Trung, Thnh Ph Th c, H Ch Minh\', note=\'Giao hng vo bui tra nh shop\'}, Order{oder_id=32, user_name=\'Nguyn Thnh t\', total_money=176000, fee=0, date_order=2024-03-20, payment=\'Nhn hng ti ca hng\', transport=\'216:3155:501112\', status=0, address=\'X Tn Ph Trung, Huyn Chu Thnh, ng Thp\', note=\'\'}]', '2024-03-20 21:53:52', 0, '0:0:0:0:0:0:0:1');
INSERT INTO `log` VALUES (1302, 0, 11, 'Order-Detail', 'Order{oder_id=32, user_name=\'Nguyn Thnh t\', total_money=176000, fee=0, date_order=2024-03-20, payment=\'Nhn hng ti ca hng\', transport=\'216:3155:501112\', status=0, address=\'X Tn Ph Trung, Huyn Chu Thnh, ng Thp\', note=\'\'}', '2024-03-20 21:53:56', 0, '0:0:0:0:0:0:0:1');
INSERT INTO `log` VALUES (1303, 0, 11, 'List-invoice', '[Order{oder_id=12, user_name=\'dung4\', total_money=5990000, fee=1580500, date_order=2023-05-04, payment=\'Giao hng thu tin tn nh\', transport=\'API\', status=2, address=\'269:2264:80213\', note=\'\'}, Order{oder_id=13, user_name=\'dung4\', total_money=899000, fee=1580500, date_order=2023-05-04, payment=\'Giao hng thu tin tn nh\', transport=\'API\', status=2, address=\'264:2017:70708\', note=\'\'}, Order{oder_id=14, user_name=\'dung4\', total_money=5990000, fee=912000, date_order=2023-05-04, payment=\'Giao hng thu tin tn nh\', transport=\'API\', status=2, address=\'262:3279:370814\', note=\'\'}, Order{oder_id=15, user_name=\'dung4\', total_money=1290000, fee=1580500, date_order=2023-05-04, payment=\'Giao hng thu tin tn nh\', transport=\'API\', status=2, address=\'265:2179:621014\', note=\'\'}, Order{oder_id=16, user_name=\'dung4\', total_money=1990000, fee=1580500, date_order=2023-05-04, payment=\'Giao hng thu tin tn nh\', transport=\'API\', status=2, address=\'265:2170:620905\', note=\'\'}, Order{oder_id=17, user_name=\'dung4\', total_money=5990000, fee=1580500, date_order=2023-05-04, payment=\'Giao hng thu tin tn nh\', transport=\'API\', status=2, address=\'268:2046:220908\', note=\'\'}, Order{oder_id=18, user_name=\'dung4\', total_money=1290000, fee=1580500, date_order=2023-05-04, payment=\'Giao hng thu tin tn nh\', transport=\'API\', status=2, address=\'267:2156:230528\', note=\'\'}, Order{oder_id=19, user_name=\'dung4\', total_money=1290000, fee=1580500, date_order=2023-05-15, payment=\'Giao hng thu tin tn nh\', transport=\'API\', status=2, address=\'267:2156:230522\', note=\'\'}, Order{oder_id=20, user_name=\'datt\', total_money=11215000, fee=912000, date_order=2023-06-12, payment=\'Giao hng thu tin tn nh\', transport=\'212:2084:530412\', status=2, address=\'Phng Phc Long B, Thnh Ph Th c, H Ch Minh\', note=\'Giao hng nhanh\'}, Order{oder_id=21, user_name=\'Nguyn Thnh t\', total_money=4990000, fee=912000, date_order=2023-06-13, payment=\'Giao hng thu tin tn nh\', transport=\'212:2084:530412\', status=2, address=\'Phng Phc Long B, Thnh Ph Th c, H Ch Minh\', note=\'Ok\'}, Order{oder_id=22, user_name=\'Nguyn Thnh t\', total_money=5990000, fee=674500, date_order=2023-06-13, payment=\'Giao hng thu tin tn nh\', transport=\'212:2084:530412\', status=2, address=\'Phng Phc Long B, Thnh Ph Th c, H Ch Minh\', note=\'ok\'}, Order{oder_id=23, user_name=\'huyen\', total_money=176000, fee=912000, date_order=2023-06-13, payment=\'Giao hng thu tin tn nh\', transport=\'258:1779:470702\', status=2, address=\'X Ea H\'leo, Huyn Ea H leo, k Lk\', note=\'Ok shop\'}, Order{oder_id=24, user_name=\'huyen\', total_money=1290000, fee=912000, date_order=2023-06-13, payment=\'Giao hng thu tin tn nh\', transport=\'258:1779:470702\', status=2, address=\'Th trn V Xu, Huyn c Linh, Bnh Thun\', note=\'ok\'}, Order{oder_id=25, user_name=\'datt\', total_money=899000, fee=912000, date_order=2023-06-13, payment=\'Giao hng thu tin tn nh\', transport=\'258:1779:470702\', status=2, address=\'Th trn V Xu, Huyn c Linh, Bnh Thun\', note=\'Test\'}, Order{oder_id=26, user_name=\'datt\', total_money=1290000, fee=912000, date_order=2023-06-13, payment=\'Giao hng thu tin tn nh\', transport=\'258:1779:470702\', status=2, address=\'Th trn V Xu, Huyn c Linh, Bnh Thun\', note=\'fix\'}, Order{oder_id=27, user_name=\'huyen\', total_money=1290000, fee=912000, date_order=2023-06-17, payment=\'Giao hng thu tin tn nh\', transport=\'212:2084:530412\', status=2, address=\'X Ph Cng, Huyn Cai Ly, Tin Giang\', note=\'\'}, Order{oder_id=28, user_name=\'dung4\', total_money=176000, fee=1580500, date_order=2023-06-20, payment=\'Giao hng thu tin tn nh\', transport=\'268:2194:220708\', status=2, address=\'X Nht Quang, Huyn Ph C, Hng Yn\', note=\'\'}, Order{oder_id=29, user_name=\'dung4\', total_money=176000, fee=1580500, date_order=2023-06-20, payment=\'Giao hng thu tin tn nh\', transport=\'266:2204:140210\', status=2, address=\'X Nm t, Huyn Qunh Nhai, Sn La\', note=\'\'}, Order{oder_id=30, user_name=\'Nguyn Thnh t\', total_money=3870000, fee=912000, date_order=2023-06-20, payment=\'Giao hng thu tin tn nh\', transport=\'212:2084:530412\', status=2, address=\'X Ph Cng, Huyn Cai Ly, Tin Giang\', note=\'Giao hng nhanh\'}, Order{oder_id=31, user_name=\'usertest\', total_money=3580000, fee=674500, date_order=2023-06-21, payment=\'Giao hng thu tin tn nh\', transport=\'202:3695:90737\', status=0, address=\'Phng Linh Trung, Thnh Ph Th c, H Ch Minh\', note=\'Giao hng vo bui tra nh shop\'}, Order{oder_id=32, user_name=\'Nguyn Thnh t\', total_money=176000, fee=0, date_order=2024-03-20, payment=\'Nhn hng ti ca hng\', transport=\'216:3155:501112\', status=0, address=\'X Tn Ph Trung, Huyn Chu Thnh, ng Thp\', note=\'\'}]', '2024-03-20 21:54:08', 0, '0:0:0:0:0:0:0:1');
INSERT INTO `log` VALUES (1304, 2, -1, 'AUTH USER LOGIN D0 NOT HAVE ACCESS', ' USER LOGIN D0 NOT HAVE ACCESS: User - tmdt2024', '2024-03-20 21:59:25', 0, '0:0:0:0:0:0:0:1');
INSERT INTO `log` VALUES (1305, 2, -1, 'AUTH USER LOGIN D0 NOT HAVE ACCESS', ' USER LOGIN D0 NOT HAVE ACCESS: User - datt', '2024-03-20 21:59:31', 0, '0:0:0:0:0:0:0:1');
INSERT INTO `log` VALUES (1306, 2, -1, 'AUTH USER LOGIN D0 NOT HAVE ACCESS', ' USER LOGIN D0 NOT HAVE ACCESS: User - datt', '2024-03-20 21:59:38', 0, '0:0:0:0:0:0:0:1');
INSERT INTO `log` VALUES (1307, 2, -1, 'AUTH USER LOGIN D0 NOT HAVE ACCESS', ' USER LOGIN D0 NOT HAVE ACCESS: User - datt', '2024-03-20 21:59:43', 0, '0:0:0:0:0:0:0:1');
INSERT INTO `log` VALUES (1308, 0, 11, 'AUTH  USER LOGIN SUCCESS', ' USER LOGIN SUCCESS: User - huyen', '2024-03-20 21:59:47', 0, '0:0:0:0:0:0:0:1');
INSERT INTO `log` VALUES (1309, 0, 11, 'List-User', '[UserModel{id=11, userName=\'huyen\', passWord=\'5994471abb01112afcc18159f6cc74b4f511b99806da59b3caf5a9c173cacfc5\', role=1, fullName=\'Nlu\', phoneNum=\'null\', email=\'20130013@st.hcmuaf.edu.vn\', address=\'null\', gender=\'n\', enable=1, num_log_in=0}\n, UserModel{id=13, userName=\'dung\', passWord=\'dcba4dc5e7b929e71c6978efcf274cc40d280be701562c6c5b805c6491a5c824\', role=1, fullName=\'l nh quc dng\', phoneNum=\'null\', email=\'quocdungledinh@gmail.com\', address=\'null\', gender=\'nam\', enable=1, num_log_in=0}\n, UserModel{id=25, userName=\'dung4\', passWord=\'dcba4dc5e7b929e71c6978efcf274cc40d280be701562c6c5b805c6491a5c824\', role=0, fullName=\'l nh quc dng\', phoneNum=\'0355806119\', email=\'quocdungledinh@gmail.com\', address=\'KTX khu B HQG, ng Hoa, Di An, Binh Dng\', gender=\'nam\', enable=1, num_log_in=0}\n, UserModel{id=26, userName=\'dung6\', passWord=\'dcba4dc5e7b929e71c6978efcf274cc40d280be701562c6c5b805c6491a5c824\', role=0, fullName=\'l nh quc dng\', phoneNum=\'null\', email=\'quocdungledinh@gmail.com\', address=\'null\', gender=\'nam\', enable=1, num_log_in=0}\n, UserModel{id=30, userName=\'t4\', passWord=\'dcba4dc5e7b929e71c6978efcf274cc40d280be701562c6c5b805c6491a5c824\', role=0, fullName=\'test4\', phoneNum=\'null\', email=\'test@gmail.com\', address=\'null\', gender=\'null\', enable=1, num_log_in=0}\n, UserModel{id=34, userName=\'t8\', passWord=\'dcba4dc5e7b929e71c6978efcf274cc40d280be701562c6c5b805c6491a5c824\', role=0, fullName=\'null\', phoneNum=\'null\', email=\'0\', address=\'null\', gender=\'null\', enable=1, num_log_in=0}\n, UserModel{id=35, userName=\'t9\', passWord=\'dcba4dc5e7b929e71c6978efcf274cc40d280be701562c6c5b805c6491a5c824\', role=0, fullName=\'null\', phoneNum=\'null\', email=\'0\', address=\'null\', gender=\'null\', enable=1, num_log_in=0}\n, UserModel{id=38, userName=\'t12\', passWord=\'dcba4dc5e7b929e71c6978efcf274cc40d280be701562c6c5b805c6491a5c824\', role=0, fullName=\'o tht y\', phoneNum=\'null\', email=\'quocdungledinh@gmail.com\', address=\'null\', gender=\'null\', enable=2, num_log_in=0}\n, UserModel{id=40, userName=\'t14\', passWord=\'dcba4dc5e7b929e71c6978efcf274cc40d280be701562c6c5b805c6491a5c824\', role=0, fullName=\'null\', phoneNum=\'null\', email=\'quocdungledinh@gmail.com\', address=\'null\', gender=\'null\', enable=0, num_log_in=0}\n, UserModel{id=54, userName=\'dung2\', passWord=\'dcba4dc5e7b929e71c6978efcf274cc40d280be701562c6c5b805c6491a5c824\', role=0, fullName=\'l nh quc dng\', phoneNum=\'null\', email=\'quocdungledinh@gmail.com\', address=\'null\', gender=\'nam\', enable=1, num_log_in=0}\n, UserModel{id=55, userName=\'dung12\', passWord=\'dcba4dc5e7b929e71c6978efcf274cc40d280be701562c6c5b805c6491a5c824\', role=0, fullName=\'l nh quc dng\', phoneNum=\'0355806119\', email=\'quocdungledinh@gmail.com\', address=\'\', gender=\'nam\', enable=1, num_log_in=0}\n, UserModel{id=56, userName=\'test1\', passWord=\'dcba4dc5e7b929e71c6978efcf274cc40d280be701562c6c5b805c6491a5c824\', role=0, fullName=\'l nh quc dng\', phoneNum=\'\', email=\'quocdungledinh@gmail.com\', address=\'\', gender=\'nam\', enable=1, num_log_in=0}\n, UserModel{id=57, userName=\'admin\', passWord=\'dcba4dc5e7b929e71c6978efcf274cc40d280be701562c6c5b805c6491a5c824\', role=1, fullName=\'admin\', phoneNum=\'0333027154\', email=\'quocdungledinh@gmail.com\', address=\'null\', gender=\'nam\', enable=1, num_log_in=0}\n, UserModel{id=58, userName=\'datt\', passWord=\'f0fce59379cc3c4e9e99a848f03e650373c1d6e62ae1a05644c86f8c6e502b9a\', role=0, fullName=\'Nguyn Thnh t\', phoneNum=\'0867155409\', email=\'ngthanh.dat1305@gmail.com\', address=\'Th c\', gender=\'nam\', enable=1, num_log_in=0}\n, UserModel{id=59, userName=\'Nguyn Thnh t\', passWord=\'b7a8240da0e4ee5e13794fbd7bacc168023592f17ea7830bae67e981c1ffd66d\', role=0, fullName=\'Nguyn Thnh t\', phoneNum=\'null\', email=\'20130013@st.hcmuaf.edu.vn\', address=\'null\', gender=\'null\', enable=0, num_log_in=0}\n, UserModel{id=60, userName=\'L Dng\', passWord=\'1ec7c8606082177a116b3ea4446307eaa3d8936dd4f3da545fca6af8d7665ceb\', role=0, fullName=\'L Dng\', phoneNum=\'null\', email=\'quocdungledinh@gmail.com\', address=\'null\', gender=\'null\', enable=0, num_log_in=0}\n, UserModel{id=61, userName=\'Thnh t Nguyn\', passWord=\'71af45ad57e9219e5dd1260d70617a0e149e30fa75938127205eac83ed9b3909\', role=0, fullName=\'Thnh t Nguyn\', phoneNum=\'null\', email=\'ngthanh.dat1305@gmail.com\', address=\'null\', gender=\'null\', enable=0, num_log_in=0}\n, UserModel{id=62, userName=\'ga la\', passWord=\'6bbc041675ca2df05887663d68e0162c285ce348fc9c7a3f6f09fc113ffd2bf2\', role=0, fullName=\'ga la\', phoneNum=\'null\', email=\'laga2134@gmail.com\', address=\'null\', gender=\'null\', enable=0, num_log_in=0}\n, UserModel{id=63, userName=\'dung5\', passWord=\'dcba4dc5e7b929e71c6978efcf274cc40d280be701562c6c5b805c6491a5c824\', role=0, fullName=\'l nh quc dng\', phoneNum=\'null\', email=\'quocdungledinh@gmail.com\', address=\'null\', gender=\'nam\', enable=0, num_log_in=0}\n, UserModel{id=64, userName=\'usertest\', passWord=\'c015bc9b6d57b9f1ca4fa1e2eaec1722f076c8a698476403b202d3db5edf6438\', role=0, fullName=\'Nguyn Vn A\', phoneNum=\'null\', email=\'kieudiem.to2006@gmail.com\', address=\'null\', gender=\'nam\', enable=1, num_log_in=0}\n, UserModel{id=65, userName=\'test5\', passWord=\'dcba4dc5e7b929e71c6978efcf274cc40d280be701562c6c5b805c6491a5c824\', role=0, fullName=\'test5\', phoneNum=\'null\', email=\'quocdungledinh@gmail.com\', address=\'null\', gender=\'nam\', enable=0, num_log_in=0}\n, UserModel{id=66, userName=\'test9\', passWord=\'dcba4dc5e7b929e71c6978efcf274cc40d280be701562c6c5b805c6491a5c824\', role=0, fullName=\'test9\', phoneNum=\'null\', email=\'quocdungledinh@gmail.com\', address=\'null\', gender=\'nam\', enable=0, num_log_in=0}\n, UserModel{id=67, userName=\'testt1\', passWord=\'dcba4dc5e7b929e71c6978efcf274cc40d280be701562c6c5b805c6491a5c824\', role=0, fullName=\'l nh quc dng\', phoneNum=\'null\', email=\'quocdungledinh@gmail.com\', address=\'null\', gender=\'nam\', enable=1, num_log_in=0}\n, UserModel{id=68, userName=\'test10\', passWord=\'a665a45920422f9d417e4867efdc4fb8a04a1f3fff1fa07e998e86f7f7a27ae3\', role=0, fullName=\'test10\', phoneNum=\'null\', email=\'quocdungledinh@gmail.com\', address=\'null\', gender=\'nam\', enable=1, num_log_in=0}\n, UserModel{id=69, userName=\'tmdt2024\', passWord=\'ed0d841fe3e187be315ff6d45c116d9271b5e1c713f541005998e93feeca552c\', role=0, fullName=\'Thng mi in t\', phoneNum=\'0123456789\', email=\'rivasvow@gmail.com\', address=\'i hc Nng Lm\', gender=\'nam\', enable=1, num_log_in=0}\n]', '2024-03-20 21:59:51', 0, '0:0:0:0:0:0:0:1');
INSERT INTO `log` VALUES (1310, 0, 11, 'List-User', '{\"draw\":2,\"recordsTotal\":3,\"recordsFiltered\":3,\"data\":[{\"id\":11,\"ids\":null,\"idPms\":null,\"userName\":\"huyen\",\"passWord\":\"5994471abb01112afcc18159f6cc74b4f511b99806da59b3caf5a9c173cacfc5\",\"role\":1,\"fullName\":\"Nlu\",\"phoneNum\":null,\"email\":\"20130013@st.hcmuaf.edu.vn\",\"address\":null,\"gender\":\"n\",\"enable\":1,\"num_log_in\":0,\"access_token\":null,\"roleTitle\":\"admin\"},{\"id\":13,\"ids\":null,\"idPms\":null,\"userName\":\"dung\",\"passWord\":\"dcba4dc5e7b929e71c6978efcf274cc40d280be701562c6c5b805c6491a5c824\",\"role\":1,\"fullName\":\"l nh quc dng\",\"phoneNum\":null,\"email\":\"quocdungledinh@gmail.com\",\"address\":null,\"gender\":\"nam\",\"enable\":1,\"num_log_in\":0,\"access_token\":null,\"roleTitle\":\"admin\"},{\"id\":57,\"ids\":null,\"idPms\":null,\"userName\":\"admin\",\"passWord\":\"dcba4dc5e7b929e71c6978efcf274cc40d280be701562c6c5b805c6491a5c824\",\"role\":1,\"fullName\":\"admin\",\"phoneNum\":\"0333027154\",\"email\":\"quocdungledinh@gmail.com\",\"address\":null,\"gender\":\"nam\",\"enable\":1,\"num_log_in\":0,\"access_token\":null,\"roleTitle\":\"admin\"}]}', '2024-03-20 21:59:52', 0, '0:0:0:0:0:0:0:1');
INSERT INTO `log` VALUES (1311, 0, 11, 'List-User', '[UserModel{id=11, userName=\'huyen\', passWord=\'5994471abb01112afcc18159f6cc74b4f511b99806da59b3caf5a9c173cacfc5\', role=1, fullName=\'Nlu\', phoneNum=\'null\', email=\'20130013@st.hcmuaf.edu.vn\', address=\'null\', gender=\'n\', enable=1, num_log_in=0}\n, UserModel{id=13, userName=\'dung\', passWord=\'dcba4dc5e7b929e71c6978efcf274cc40d280be701562c6c5b805c6491a5c824\', role=1, fullName=\'l nh quc dng\', phoneNum=\'null\', email=\'quocdungledinh@gmail.com\', address=\'null\', gender=\'nam\', enable=1, num_log_in=0}\n, UserModel{id=25, userName=\'dung4\', passWord=\'dcba4dc5e7b929e71c6978efcf274cc40d280be701562c6c5b805c6491a5c824\', role=0, fullName=\'l nh quc dng\', phoneNum=\'0355806119\', email=\'quocdungledinh@gmail.com\', address=\'KTX khu B HQG, ng Hoa, Di An, Binh Dng\', gender=\'nam\', enable=1, num_log_in=0}\n, UserModel{id=26, userName=\'dung6\', passWord=\'dcba4dc5e7b929e71c6978efcf274cc40d280be701562c6c5b805c6491a5c824\', role=0, fullName=\'l nh quc dng\', phoneNum=\'null\', email=\'quocdungledinh@gmail.com\', address=\'null\', gender=\'nam\', enable=1, num_log_in=0}\n, UserModel{id=30, userName=\'t4\', passWord=\'dcba4dc5e7b929e71c6978efcf274cc40d280be701562c6c5b805c6491a5c824\', role=0, fullName=\'test4\', phoneNum=\'null\', email=\'test@gmail.com\', address=\'null\', gender=\'null\', enable=1, num_log_in=0}\n, UserModel{id=34, userName=\'t8\', passWord=\'dcba4dc5e7b929e71c6978efcf274cc40d280be701562c6c5b805c6491a5c824\', role=0, fullName=\'null\', phoneNum=\'null\', email=\'0\', address=\'null\', gender=\'null\', enable=1, num_log_in=0}\n, UserModel{id=35, userName=\'t9\', passWord=\'dcba4dc5e7b929e71c6978efcf274cc40d280be701562c6c5b805c6491a5c824\', role=0, fullName=\'null\', phoneNum=\'null\', email=\'0\', address=\'null\', gender=\'null\', enable=1, num_log_in=0}\n, UserModel{id=38, userName=\'t12\', passWord=\'dcba4dc5e7b929e71c6978efcf274cc40d280be701562c6c5b805c6491a5c824\', role=0, fullName=\'o tht y\', phoneNum=\'null\', email=\'quocdungledinh@gmail.com\', address=\'null\', gender=\'null\', enable=2, num_log_in=0}\n, UserModel{id=40, userName=\'t14\', passWord=\'dcba4dc5e7b929e71c6978efcf274cc40d280be701562c6c5b805c6491a5c824\', role=0, fullName=\'null\', phoneNum=\'null\', email=\'quocdungledinh@gmail.com\', address=\'null\', gender=\'null\', enable=0, num_log_in=0}\n, UserModel{id=54, userName=\'dung2\', passWord=\'dcba4dc5e7b929e71c6978efcf274cc40d280be701562c6c5b805c6491a5c824\', role=0, fullName=\'l nh quc dng\', phoneNum=\'null\', email=\'quocdungledinh@gmail.com\', address=\'null\', gender=\'nam\', enable=1, num_log_in=0}\n, UserModel{id=55, userName=\'dung12\', passWord=\'dcba4dc5e7b929e71c6978efcf274cc40d280be701562c6c5b805c6491a5c824\', role=0, fullName=\'l nh quc dng\', phoneNum=\'0355806119\', email=\'quocdungledinh@gmail.com\', address=\'\', gender=\'nam\', enable=1, num_log_in=0}\n, UserModel{id=56, userName=\'test1\', passWord=\'dcba4dc5e7b929e71c6978efcf274cc40d280be701562c6c5b805c6491a5c824\', role=0, fullName=\'l nh quc dng\', phoneNum=\'\', email=\'quocdungledinh@gmail.com\', address=\'\', gender=\'nam\', enable=1, num_log_in=0}\n, UserModel{id=57, userName=\'admin\', passWord=\'dcba4dc5e7b929e71c6978efcf274cc40d280be701562c6c5b805c6491a5c824\', role=1, fullName=\'admin\', phoneNum=\'0333027154\', email=\'quocdungledinh@gmail.com\', address=\'null\', gender=\'nam\', enable=1, num_log_in=0}\n, UserModel{id=58, userName=\'datt\', passWord=\'f0fce59379cc3c4e9e99a848f03e650373c1d6e62ae1a05644c86f8c6e502b9a\', role=0, fullName=\'Nguyn Thnh t\', phoneNum=\'0867155409\', email=\'ngthanh.dat1305@gmail.com\', address=\'Th c\', gender=\'nam\', enable=1, num_log_in=0}\n, UserModel{id=59, userName=\'Nguyn Thnh t\', passWord=\'b7a8240da0e4ee5e13794fbd7bacc168023592f17ea7830bae67e981c1ffd66d\', role=0, fullName=\'Nguyn Thnh t\', phoneNum=\'null\', email=\'20130013@st.hcmuaf.edu.vn\', address=\'null\', gender=\'null\', enable=0, num_log_in=0}\n, UserModel{id=60, userName=\'L Dng\', passWord=\'1ec7c8606082177a116b3ea4446307eaa3d8936dd4f3da545fca6af8d7665ceb\', role=0, fullName=\'L Dng\', phoneNum=\'null\', email=\'quocdungledinh@gmail.com\', address=\'null\', gender=\'null\', enable=0, num_log_in=0}\n, UserModel{id=61, userName=\'Thnh t Nguyn\', passWord=\'71af45ad57e9219e5dd1260d70617a0e149e30fa75938127205eac83ed9b3909\', role=0, fullName=\'Thnh t Nguyn\', phoneNum=\'null\', email=\'ngthanh.dat1305@gmail.com\', address=\'null\', gender=\'null\', enable=0, num_log_in=0}\n, UserModel{id=62, userName=\'ga la\', passWord=\'6bbc041675ca2df05887663d68e0162c285ce348fc9c7a3f6f09fc113ffd2bf2\', role=0, fullName=\'ga la\', phoneNum=\'null\', email=\'laga2134@gmail.com\', address=\'null\', gender=\'null\', enable=0, num_log_in=0}\n, UserModel{id=63, userName=\'dung5\', passWord=\'dcba4dc5e7b929e71c6978efcf274cc40d280be701562c6c5b805c6491a5c824\', role=0, fullName=\'l nh quc dng\', phoneNum=\'null\', email=\'quocdungledinh@gmail.com\', address=\'null\', gender=\'nam\', enable=0, num_log_in=0}\n, UserModel{id=64, userName=\'usertest\', passWord=\'c015bc9b6d57b9f1ca4fa1e2eaec1722f076c8a698476403b202d3db5edf6438\', role=0, fullName=\'Nguyn Vn A\', phoneNum=\'null\', email=\'kieudiem.to2006@gmail.com\', address=\'null\', gender=\'nam\', enable=1, num_log_in=0}\n, UserModel{id=65, userName=\'test5\', passWord=\'dcba4dc5e7b929e71c6978efcf274cc40d280be701562c6c5b805c6491a5c824\', role=0, fullName=\'test5\', phoneNum=\'null\', email=\'quocdungledinh@gmail.com\', address=\'null\', gender=\'nam\', enable=0, num_log_in=0}\n, UserModel{id=66, userName=\'test9\', passWord=\'dcba4dc5e7b929e71c6978efcf274cc40d280be701562c6c5b805c6491a5c824\', role=0, fullName=\'test9\', phoneNum=\'null\', email=\'quocdungledinh@gmail.com\', address=\'null\', gender=\'nam\', enable=0, num_log_in=0}\n, UserModel{id=67, userName=\'testt1\', passWord=\'dcba4dc5e7b929e71c6978efcf274cc40d280be701562c6c5b805c6491a5c824\', role=0, fullName=\'l nh quc dng\', phoneNum=\'null\', email=\'quocdungledinh@gmail.com\', address=\'null\', gender=\'nam\', enable=1, num_log_in=0}\n, UserModel{id=68, userName=\'test10\', passWord=\'a665a45920422f9d417e4867efdc4fb8a04a1f3fff1fa07e998e86f7f7a27ae3\', role=0, fullName=\'test10\', phoneNum=\'null\', email=\'quocdungledinh@gmail.com\', address=\'null\', gender=\'nam\', enable=1, num_log_in=0}\n, UserModel{id=69, userName=\'tmdt2024\', passWord=\'ed0d841fe3e187be315ff6d45c116d9271b5e1c713f541005998e93feeca552c\', role=1, fullName=\'Thng mi in t\', phoneNum=\'0123456789\', email=\'rivasvow@gmail.com\', address=\'i hc Nng Lm\', gender=\'nam\', enable=1, num_log_in=0}\n]', '2024-03-20 22:00:23', 0, '0:0:0:0:0:0:0:1');
INSERT INTO `log` VALUES (1312, 0, 11, 'List-User', '{\"draw\":2,\"recordsTotal\":4,\"recordsFiltered\":4,\"data\":[{\"id\":11,\"ids\":null,\"idPms\":null,\"userName\":\"huyen\",\"passWord\":\"5994471abb01112afcc18159f6cc74b4f511b99806da59b3caf5a9c173cacfc5\",\"role\":1,\"fullName\":\"Nlu\",\"phoneNum\":null,\"email\":\"20130013@st.hcmuaf.edu.vn\",\"address\":null,\"gender\":\"n\",\"enable\":1,\"num_log_in\":0,\"access_token\":null,\"roleTitle\":\"admin\"},{\"id\":13,\"ids\":null,\"idPms\":null,\"userName\":\"dung\",\"passWord\":\"dcba4dc5e7b929e71c6978efcf274cc40d280be701562c6c5b805c6491a5c824\",\"role\":1,\"fullName\":\"l nh quc dng\",\"phoneNum\":null,\"email\":\"quocdungledinh@gmail.com\",\"address\":null,\"gender\":\"nam\",\"enable\":1,\"num_log_in\":0,\"access_token\":null,\"roleTitle\":\"admin\"},{\"id\":57,\"ids\":null,\"idPms\":null,\"userName\":\"admin\",\"passWord\":\"dcba4dc5e7b929e71c6978efcf274cc40d280be701562c6c5b805c6491a5c824\",\"role\":1,\"fullName\":\"admin\",\"phoneNum\":\"0333027154\",\"email\":\"quocdungledinh@gmail.com\",\"address\":null,\"gender\":\"nam\",\"enable\":1,\"num_log_in\":0,\"access_token\":null,\"roleTitle\":\"admin\"},{\"id\":69,\"ids\":null,\"idPms\":null,\"userName\":\"tmdt2024\",\"passWord\":\"ed0d841fe3e187be315ff6d45c116d9271b5e1c713f541005998e93feeca552c\",\"role\":1,\"fullName\":\"Thng mi in t\",\"phoneNum\":\"0123456789\",\"email\":\"rivasvow@gmail.com\",\"address\":\"i hc Nng Lm\",\"gender\":\"nam\",\"enable\":1,\"num_log_in\":0,\"access_token\":null,\"roleTitle\":\"admin\"}]}', '2024-03-20 22:00:23', 0, '0:0:0:0:0:0:0:1');
INSERT INTO `log` VALUES (1313, 0, 69, 'AUTH  USER LOGIN SUCCESS', ' USER LOGIN SUCCESS: User - tmdt2024', '2024-03-20 22:00:35', 0, '0:0:0:0:0:0:0:1');
INSERT INTO `log` VALUES (1314, 0, 69, 'List-Log', '', '2024-03-20 22:00:42', 0, '0:0:0:0:0:0:0:1');
INSERT INTO `log` VALUES (1315, 0, 69, 'List-Log', '', '2024-03-20 22:00:44', 0, '0:0:0:0:0:0:0:1');
INSERT INTO `log` VALUES (1316, 0, 69, 'List-Log', '', '2024-03-20 22:01:20', 0, '0:0:0:0:0:0:0:1');
INSERT INTO `log` VALUES (1317, 0, 69, 'List-Log', '', '2024-03-20 22:01:22', 0, '0:0:0:0:0:0:0:1');
INSERT INTO `log` VALUES (1318, 0, 69, 'List-Log', '', '2024-03-20 22:01:23', 0, '0:0:0:0:0:0:0:1');

-- ----------------------------
-- Table structure for order_detail
-- ----------------------------
DROP TABLE IF EXISTS `order_detail`;
CREATE TABLE `order_detail`  (
  `id` int NOT NULL AUTO_INCREMENT,
  `id_oder` int NULL DEFAULT NULL,
  `id_product` int NULL DEFAULT NULL,
  `price` int NULL DEFAULT NULL,
  `amount` int NULL DEFAULT NULL,
  `fee` int NULL DEFAULT NULL,
  `total` int NULL DEFAULT NULL,
  PRIMARY KEY (`id`) USING BTREE,
  INDEX `od_id`(`id_oder` ASC) USING BTREE,
  INDEX `odp_id`(`id_product` ASC) USING BTREE,
  CONSTRAINT `od_id` FOREIGN KEY (`id_oder`) REFERENCES `orders` (`order_id`) ON DELETE RESTRICT ON UPDATE RESTRICT,
  CONSTRAINT `odp_id` FOREIGN KEY (`id_product`) REFERENCES `products` (`product_id`) ON DELETE RESTRICT ON UPDATE RESTRICT
) ENGINE = InnoDB AUTO_INCREMENT = 39 CHARACTER SET = utf8mb4 COLLATE = utf8mb4_unicode_ci ROW_FORMAT = DYNAMIC;

-- ----------------------------
-- Records of order_detail
-- ----------------------------
INSERT INTO `order_detail` VALUES (17, 12, 5, 5990000, 1, 0, 5990000);
INSERT INTO `order_detail` VALUES (18, 13, 6, 899000, 1, 0, 899000);
INSERT INTO `order_detail` VALUES (19, 14, 16, 5990000, 1, 0, 5990000);
INSERT INTO `order_detail` VALUES (20, 15, 10, 1290000, 1, 0, 1290000);
INSERT INTO `order_detail` VALUES (21, 16, 7, 1990000, 1, 0, 1990000);
INSERT INTO `order_detail` VALUES (22, 17, 5, 5990000, 1, 0, 5990000);
INSERT INTO `order_detail` VALUES (23, 18, 4, 1290000, 1, 0, 1290000);
INSERT INTO `order_detail` VALUES (24, 19, 4, 1290000, 1, 0, 1290000);
INSERT INTO `order_detail` VALUES (25, 20, 5, 5990000, 1, 0, 5990000);
INSERT INTO `order_detail` VALUES (26, 20, 20, 5225000, 1, 0, 5225000);
INSERT INTO `order_detail` VALUES (27, 21, 9, 4990000, 1, 0, 4990000);
INSERT INTO `order_detail` VALUES (28, 22, 16, 5990000, 1, 0, 5990000);
INSERT INTO `order_detail` VALUES (29, 23, 2, 176000, 1, 0, 176000);
INSERT INTO `order_detail` VALUES (30, 24, 4, 1290000, 1, 0, 1290000);
INSERT INTO `order_detail` VALUES (31, 25, 6, 899000, 1, 0, 899000);
INSERT INTO `order_detail` VALUES (32, 26, 4, 1290000, 1, 0, 1290000);
INSERT INTO `order_detail` VALUES (33, 27, 4, 1290000, 1, 0, 1290000);
INSERT INTO `order_detail` VALUES (34, 28, 2, 176000, 1, 0, 176000);
INSERT INTO `order_detail` VALUES (35, 29, 2, 176000, 1, 0, 176000);
INSERT INTO `order_detail` VALUES (36, 30, 4, 1290000, 3, 0, 3870000);
INSERT INTO `order_detail` VALUES (37, 31, 8, 1790000, 2, 0, 3580000);
INSERT INTO `order_detail` VALUES (38, 32, 2, 176000, 1, 0, 176000);

-- ----------------------------
-- Table structure for orders
-- ----------------------------
DROP TABLE IF EXISTS `orders`;
CREATE TABLE `orders`  (
  `order_id` int NOT NULL AUTO_INCREMENT,
  `user_name` varchar(50) CHARACTER SET utf8mb4 COLLATE utf8mb4_unicode_ci NULL DEFAULT NULL,
  `total_money` int NULL DEFAULT NULL,
  `fee` int NULL DEFAULT NULL,
  `date_order` datetime NULL DEFAULT NULL,
  `payment` varchar(255) CHARACTER SET utf8mb4 COLLATE utf8mb4_unicode_ci NULL DEFAULT NULL,
  `transport` varchar(255) CHARACTER SET utf8mb4 COLLATE utf8mb4_unicode_ci NULL DEFAULT NULL,
  `status` int NOT NULL,
  `address` varchar(500) CHARACTER SET utf8mb4 COLLATE utf8mb4_unicode_ci NULL DEFAULT NULL,
  `note` varchar(500) CHARACTER SET utf8mb4 COLLATE utf8mb4_unicode_ci NULL DEFAULT NULL,
  `phoneNum` varchar(10) CHARACTER SET utf8mb4 COLLATE utf8mb4_unicode_ci NULL DEFAULT NULL,
  PRIMARY KEY (`order_id`) USING BTREE,
  INDEX `uid`(`user_name` ASC) USING BTREE,
  CONSTRAINT `uid` FOREIGN KEY (`user_name`) REFERENCES `users` (`user_name`) ON DELETE RESTRICT ON UPDATE RESTRICT
) ENGINE = InnoDB AUTO_INCREMENT = 33 CHARACTER SET = utf8mb4 COLLATE = utf8mb4_unicode_ci ROW_FORMAT = DYNAMIC;

-- ----------------------------
-- Records of orders
-- ----------------------------
INSERT INTO `orders` VALUES (12, 'dung4', 5990000, 1580500, '2023-05-04 00:00:00', 'Giao hng thu tin tn nh', 'API', 2, '269:2264:80213', '', '0355806119');
INSERT INTO `orders` VALUES (13, 'dung4', 899000, 1580500, '2023-05-04 00:00:00', 'Giao hng thu tin tn nh', 'API', 2, '264:2017:70708', '', '0355806119');
INSERT INTO `orders` VALUES (14, 'dung4', 5990000, 912000, '2023-05-04 00:00:00', 'Giao hng thu tin tn nh', 'API', 2, '262:3279:370814', '', '0355806119');
INSERT INTO `orders` VALUES (15, 'dung4', 1290000, 1580500, '2023-05-04 00:00:00', 'Giao hng thu tin tn nh', 'API', 2, '265:2179:621014', '', '0355806119');
INSERT INTO `orders` VALUES (16, 'dung4', 1990000, 1580500, '2023-05-04 00:00:00', 'Giao hng thu tin tn nh', 'API', 2, '265:2170:620905', '', '0355806119');
INSERT INTO `orders` VALUES (17, 'dung4', 5990000, 1580500, '2023-05-04 00:00:00', 'Giao hng thu tin tn nh', 'API', 2, '268:2046:220908', '', '0355806119');
INSERT INTO `orders` VALUES (18, 'dung4', 1290000, 1580500, '2023-05-04 00:00:00', 'Giao hng thu tin tn nh', 'API', 2, '267:2156:230528', '', '0355806119');
INSERT INTO `orders` VALUES (19, 'dung4', 1290000, 1580500, '2023-05-15 00:00:00', 'Giao hng thu tin tn nh', 'API', 2, '267:2156:230522', '', '0355806119');
INSERT INTO `orders` VALUES (20, 'datt', 11215000, 912000, '2023-06-12 00:00:00', 'Giao hng thu tin tn nh', '212:2084:530412', 2, 'Phng Phc Long B, Thnh Ph Th c, H Ch Minh', 'Giao hng nhanh', '0867155409');
INSERT INTO `orders` VALUES (21, 'Nguyn Thnh t', 4990000, 912000, '2023-06-13 00:00:00', 'Giao hng thu tin tn nh', '212:2084:530412', 2, 'Phng Phc Long B, Thnh Ph Th c, H Ch Minh', 'Ok', 'null');
INSERT INTO `orders` VALUES (22, 'Nguyn Thnh t', 5990000, 674500, '2023-06-13 00:00:00', 'Giao hng thu tin tn nh', '212:2084:530412', 2, 'Phng Phc Long B, Thnh Ph Th c, H Ch Minh', 'ok', 'null');
INSERT INTO `orders` VALUES (23, 'huyen', 176000, 912000, '2023-06-13 00:00:00', 'Giao hng thu tin tn nh', '258:1779:470702', 2, 'X Ea H\'leo, Huyn Ea H leo, k Lk', 'Ok shop', 'null');
INSERT INTO `orders` VALUES (24, 'huyen', 1290000, 912000, '2023-06-13 00:00:00', 'Giao hng thu tin tn nh', '258:1779:470702', 2, 'Th trn V Xu, Huyn c Linh, Bnh Thun', 'ok', 'null');
INSERT INTO `orders` VALUES (25, 'datt', 899000, 912000, '2023-06-13 00:00:00', 'Giao hng thu tin tn nh', '258:1779:470702', 2, 'Th trn V Xu, Huyn c Linh, Bnh Thun', 'Test', '0867155409');
INSERT INTO `orders` VALUES (26, 'datt', 1290000, 912000, '2023-06-13 00:00:00', 'Giao hng thu tin tn nh', '258:1779:470702', 2, 'Th trn V Xu, Huyn c Linh, Bnh Thun', 'fix', '0867155409');
INSERT INTO `orders` VALUES (27, 'huyen', 1290000, 912000, '2023-06-17 00:00:00', 'Giao hng thu tin tn nh', '212:2084:530412', 2, 'X Ph Cng, Huyn Cai Ly, Tin Giang', '', 'null');
INSERT INTO `orders` VALUES (28, 'dung4', 176000, 1580500, '2023-06-20 00:00:00', 'Giao hng thu tin tn nh', '268:2194:220708', 2, 'X Nht Quang, Huyn Ph C, Hng Yn', '', '0355806119');
INSERT INTO `orders` VALUES (29, 'dung4', 176000, 1580500, '2023-06-20 00:00:00', 'Giao hng thu tin tn nh', '266:2204:140210', 2, 'X Nm t, Huyn Qunh Nhai, Sn La', '', '0355806119');
INSERT INTO `orders` VALUES (30, 'Nguyn Thnh t', 3870000, 912000, '2023-06-20 00:00:00', 'Giao hng thu tin tn nh', '212:2084:530412', 2, 'X Ph Cng, Huyn Cai Ly, Tin Giang', 'Giao hng nhanh', 'null');
INSERT INTO `orders` VALUES (31, 'usertest', 3580000, 674500, '2023-06-21 00:00:00', 'Giao hng thu tin tn nh', '202:3695:90737', 0, 'Phng Linh Trung, Thnh Ph Th c, H Ch Minh', 'Giao hng vo bui tra nh shop', '0867155409');
INSERT INTO `orders` VALUES (32, 'Nguyn Thnh t', 176000, 0, '2024-03-20 00:00:00', 'Nhn hng ti ca hng', '216:3155:501112', 0, 'X Tn Ph Trung, Huyn Chu Thnh, ng Thp', '', 'null');

-- ----------------------------
-- Table structure for permission
-- ----------------------------
DROP TABLE IF EXISTS `permission`;
CREATE TABLE `permission`  (
  `id` int NOT NULL AUTO_INCREMENT,
  `title` varchar(255) CHARACTER SET utf8mb3 COLLATE utf8mb3_unicode_ci NULL DEFAULT NULL,
  PRIMARY KEY (`id`) USING BTREE
) ENGINE = InnoDB AUTO_INCREMENT = 31 CHARACTER SET = utf8mb3 COLLATE = utf8mb3_unicode_ci ROW_FORMAT = DYNAMIC;

-- ----------------------------
-- Records of permission
-- ----------------------------
INSERT INTO `permission` VALUES (1, 'thm sn phm');
INSERT INTO `permission` VALUES (2, 'xo sn phm');
INSERT INTO `permission` VALUES (3, 'sa sn phm');
INSERT INTO `permission` VALUES (4, 'thm quyn');
INSERT INTO `permission` VALUES (5, 'xo quyn');
INSERT INTO `permission` VALUES (6, 'sa quyn');
INSERT INTO `permission` VALUES (10, 'thm user');
INSERT INTO `permission` VALUES (11, 'xo user');
INSERT INTO `permission` VALUES (12, 'sa user');
INSERT INTO `permission` VALUES (13, 'nhp hng');
INSERT INTO `permission` VALUES (14, 'xem danh sach duyt n hang');
INSERT INTO `permission` VALUES (15, 'xem danh sch quyn');
INSERT INTO `permission` VALUES (16, 'xem danh sach danh muc san pham');
INSERT INTO `permission` VALUES (17, 'thm danh muc san phm');
INSERT INTO `permission` VALUES (18, 'xem danh sach n hang ');
INSERT INTO `permission` VALUES (19, 'cp nht n hang');
INSERT INTO `permission` VALUES (20, 'sa thng tin trn website');
INSERT INTO `permission` VALUES (21, 'xem danh sach phiu nhp hang');
INSERT INTO `permission` VALUES (22, 'xoa danh muc san pham');
INSERT INTO `permission` VALUES (23, 'sa danh muc san phm');
INSERT INTO `permission` VALUES (24, 'xem danh sach san phm');
INSERT INTO `permission` VALUES (25, 'xem danh sach log');
INSERT INTO `permission` VALUES (26, 'thng k log');
INSERT INTO `permission` VALUES (27, 'xem chi tit n hang');
INSERT INTO `permission` VALUES (28, 'sa n hang');
INSERT INTO `permission` VALUES (29, 'duyt n hang');
INSERT INTO `permission` VALUES (30, 'xem danh sch user');

-- ----------------------------
-- Table structure for posts
-- ----------------------------
DROP TABLE IF EXISTS `posts`;
CREATE TABLE `posts`  (
  `post_id` int NOT NULL,
  `post_category_id` int NULL DEFAULT NULL,
  `date` date NULL DEFAULT NULL,
  `title` varchar(255) CHARACTER SET utf8mb4 COLLATE utf8mb4_unicode_ci NULL DEFAULT NULL,
  `content` varchar(2000) CHARACTER SET utf8mb4 COLLATE utf8mb4_unicode_ci NULL DEFAULT NULL,
  PRIMARY KEY (`post_id`) USING BTREE,
  INDEX `ar_fkid`(`post_category_id` ASC) USING BTREE,
  CONSTRAINT `fk_cat` FOREIGN KEY (`post_category_id`) REFERENCES `posts_category` (`post_category_id`) ON DELETE RESTRICT ON UPDATE RESTRICT
) ENGINE = InnoDB CHARACTER SET = utf8mb4 COLLATE = utf8mb4_unicode_ci ROW_FORMAT = DYNAMIC;

-- ----------------------------
-- Records of posts
-- ----------------------------
INSERT INTO `posts` VALUES (1, 1, '2022-12-01', 'NHNG LU  KHI CHN MU CHO NI THT', 'Nu bn ang c nhu cu mua sm ni tht, chc hn bn  c nhng tm hiu nht nh v nhng g bn mun mua. D sao th, th bn ang tm kim cng l mt mn ni tht hi ha vi phong cch thit k hin ti ca bn, nhng vn m bo s thi thng, ');
INSERT INTO `posts` VALUES (2, 1, '2022-12-02', 'MO PHI GIA MU SN TNG V  NI THT CHO KHNG GIAN SNG THM HON HO', 'Phi mu ni tht sao cho p, sang trng, hin i l c ngh thut ca nh thit k ni tht. Ni tht c p cng phi phi mu n  vi nhau mi c th to ra mt khng gian p...');
INSERT INTO `posts` VALUES (3, 2, '2023-01-03', '300+ MU T BP G T NHIN BN, P, HIN I GI TT NHT 2022', 'T bp l thit b ni tht khng th thiu trong mi cn bp ca gia nh Vit. c bit, t bp g t nhin vi gi tr thm m cao v  bn chc lu nm ang rt c lng ngi s dng. Hy cng ni tht HAPPYHOME tham kho...');
INSERT INTO `posts` VALUES (4, 2, '2023-01-03', 'NHNG TONE MU SOFA P BN KHNG TH B QUA', 'Khi mua sofa, iu m cc gia ch cng nn cn nhc k lng bn cnh cht liu v kiu dng  chnh l mu sc ca chic sofa. Mu sc sofa cng c mt s nh hng ln n thm m khng gian chung ca phng khch. V vy, vic la chn mt b gh sofa ');
INSERT INTO `posts` VALUES (5, 1, '2023-01-03', '\r\n NGHA NG H TREO TNG TRANG TR DECOR NGH THUT CHO NI THT NH BN', 'Cc mu ng h treo tng sang trng trang tr l vt dng v cng quen thuc vi tt c mi ngi. Chc hn l trong bt k gia nh no cng c s hin din ca mt chic ng h. Nhng bn  thc s hiu ht  ngha ca chng cha ? Mi ng h trang');
INSERT INTO `posts` VALUES (6, 1, '2023-01-03', '\r\nN TRANG TR  IM NHN KHNG TH THIU', 'Hin nay, khi i sng con ngi ang ngy cng c nng ln, ngoi nhng yu cu thng thng nh n ngon, mc p, th yu cu v khng gian sng cng ngy cng c ch trng. V vy, bn cnh nhng vt dng trang tr khc, n trang tr tr thnh mt');

-- ----------------------------
-- Table structure for posts_category
-- ----------------------------
DROP TABLE IF EXISTS `posts_category`;
CREATE TABLE `posts_category`  (
  `post_category_id` int NOT NULL AUTO_INCREMENT,
  `post_category_name` varchar(255) CHARACTER SET utf8mb4 COLLATE utf8mb4_unicode_ci NULL DEFAULT NULL,
  PRIMARY KEY (`post_category_id`) USING BTREE
) ENGINE = InnoDB AUTO_INCREMENT = 4 CHARACTER SET = utf8mb4 COLLATE = utf8mb4_unicode_ci ROW_FORMAT = DYNAMIC;

-- ----------------------------
-- Records of posts_category
-- ----------------------------
INSERT INTO `posts_category` VALUES (1, 'tin tc ni tht');
INSERT INTO `posts_category` VALUES (2, 'tin tuc ngoai');
INSERT INTO `posts_category` VALUES (3, 'Khuyn mi');

-- ----------------------------
-- Table structure for posts_image
-- ----------------------------
DROP TABLE IF EXISTS `posts_image`;
CREATE TABLE `posts_image`  (
  `img_post_id` int NOT NULL AUTO_INCREMENT,
  `post_id` int NULL DEFAULT NULL,
  `url` varchar(255) CHARACTER SET utf8mb4 COLLATE utf8mb4_unicode_ci NULL DEFAULT NULL,
  PRIMARY KEY (`img_post_id`) USING BTREE,
  INDEX `img_a`(`post_id` ASC) USING BTREE,
  CONSTRAINT `img_a` FOREIGN KEY (`post_id`) REFERENCES `posts` (`post_id`) ON DELETE RESTRICT ON UPDATE RESTRICT
) ENGINE = InnoDB AUTO_INCREMENT = 15 CHARACTER SET = utf8mb4 COLLATE = utf8mb4_unicode_ci ROW_FORMAT = DYNAMIC;

-- ----------------------------
-- Records of posts_image
-- ----------------------------
INSERT INTO `posts_image` VALUES (1, 1, 'https://truongthang.vn/wp-content/uploads/2020/04/truong-thang-tranh-nghe-thuat-cho-khong-gian-thiet-ke-noi-that-trong-nha-1-e1591605565989.jpg');
INSERT INTO `posts_image` VALUES (2, 2, 'https://banghesofa.org/wp-content/uploads/2016/10/ban-ghe-go-sang-trong.jpg');
INSERT INTO `posts_image` VALUES (3, 3, 'https://tuvannhadep.com.vn/uploads/images/ban-ghe-an-go-soi-4-ghe-1.jpg');
INSERT INTO `posts_image` VALUES (4, 4, 'https://sofaphongkhachdep.com.vn/wp-content/uploads/2019/04/Ban-ghe-phong-an-dep-gia-re-kieu-dang-moi-la.jpg');
INSERT INTO `posts_image` VALUES (5, 5, 'https://vuongquocnoithat.vn/images/2019/11/20/0-hinh-anh-ban-ghe-go-phong-khach%20(10).jpg');
INSERT INTO `posts_image` VALUES (6, 6, 'https://noithatxinh.vn/Images/Upload/images/top-10-mau-ban-ghe-go-phong-khach-dep-ban-chay-nhat%20(6).jpg');
INSERT INTO `posts_image` VALUES (13, 1, 'https://localhost:44330/Template/img/blog/3.jpg');
INSERT INTO `posts_image` VALUES (14, 1, 'https://localhost:44330/Template/img/blog/2.jpg');

-- ----------------------------
-- Table structure for product_type
-- ----------------------------
DROP TABLE IF EXISTS `product_type`;
CREATE TABLE `product_type`  (
  `type_id` int NOT NULL,
  `type_name` varchar(255) CHARACTER SET utf8mb4 COLLATE utf8mb4_unicode_ci NULL DEFAULT NULL,
  PRIMARY KEY (`type_id`) USING BTREE
) ENGINE = InnoDB CHARACTER SET = utf8mb4 COLLATE = utf8mb4_unicode_ci ROW_FORMAT = DYNAMIC;

-- ----------------------------
-- Records of product_type
-- ----------------------------
INSERT INTO `product_type` VALUES (0, 'Bn');
INSERT INTO `product_type` VALUES (1, 'Gh');
INSERT INTO `product_type` VALUES (2, 'T');
INSERT INTO `product_type` VALUES (3, 'n');
INSERT INTO `product_type` VALUES (4, ' trang tr');
INSERT INTO `product_type` VALUES (5, 'Ging');
INSERT INTO `product_type` VALUES (6, 'Ni tht vn phng');

-- ----------------------------
-- Table structure for products
-- ----------------------------
DROP TABLE IF EXISTS `products`;
CREATE TABLE `products`  (
  `product_id` int NOT NULL AUTO_INCREMENT,
  `name` varchar(255) CHARACTER SET utf8mb3 COLLATE utf8mb3_general_ci NOT NULL,
  `price` int NULL DEFAULT NULL,
  `price_sell` int NULL DEFAULT NULL,
  `info` text CHARACTER SET utf8mb3 COLLATE utf8mb3_general_ci NULL,
  `code` varchar(255) CHARACTER SET utf8mb4 COLLATE utf8mb4_unicode_ci NULL DEFAULT NULL,
  `brand` varchar(255) CHARACTER SET utf8mb4 COLLATE utf8mb4_unicode_ci NULL DEFAULT NULL,
  `color` varchar(255) CHARACTER SET utf8mb4 COLLATE utf8mb4_unicode_ci NULL DEFAULT NULL,
  `size` varchar(255) CHARACTER SET utf8mb4 COLLATE utf8mb4_unicode_ci NULL DEFAULT NULL,
  `attribute` varchar(255) CHARACTER SET utf8mb4 COLLATE utf8mb4_unicode_ci NULL DEFAULT NULL,
  `status` int NULL DEFAULT NULL,
  `product_type` int NULL DEFAULT NULL,
  `product_insurance` varchar(255) CHARACTER SET utf8mb4 COLLATE utf8mb4_unicode_ci NULL DEFAULT NULL,
  `quantity` int NULL DEFAULT 0,
  PRIMARY KEY (`product_id`) USING BTREE,
  INDEX `p_typefk`(`product_type` ASC) USING BTREE,
  CONSTRAINT `fk_productType` FOREIGN KEY (`product_type`) REFERENCES `product_type` (`type_id`) ON DELETE RESTRICT ON UPDATE RESTRICT
) ENGINE = InnoDB AUTO_INCREMENT = 90 CHARACTER SET = utf8mb4 COLLATE = utf8mb4_unicode_ci ROW_FORMAT = DYNAMIC;

-- ----------------------------
-- Records of products
-- ----------------------------
INSERT INTO `products` VALUES (1, 'Gh sofa bng 1m2 nm vi nhiu mu SFB68071', 2950000, 2950000, 'Gh sofa bng 1m2 nm vi nhiu mu SFB68071 c a chung s dng ti cc qun cafe, qun n, nh hng... bi thit k hin i, tinh t kt hp vi u im nm bc vi nhiu mu sc p mt ph hp vi hu ht cc khng gian c concept khc nhau. Ngoi', '0', '0', 'null', 'null', '0', 2, 1, '1', 64);
INSERT INTO `products` VALUES (2, 'N NG, N CM NG SILICON MO MINI N278', 250000, 176000, 'n ng, n cm ng silicon mo mini vi hnh dng d thng, b mt do mm mi s tr thnh mt ngi bn nh trong phng ng ca ngi dng, c bit l tr em. nh n du nh, khng chi mt, i mu t t khin tinh thn th gin, a bn vo gic ', '0', '0', '', 'to', '0', 1, 3, '1', 10);
INSERT INTO `products` VALUES (3, 'T Giy 3 Ngn Marcell - Mu  Xanh', 1590000, 1590000, 'Thit k thng minh cc ngn t u c bn l xoay, gip ng m theo chiu dc vi mt gc nghing ph hp gip bn ly hoc t giy mt cch thun tin hn.Ngn t rng ri: thit k vi ngn t 1 tng, ti u ha din tch  giy, dp ca bn. Gip b', '1', 'nht', 'xanh', 'Di 640mm x Rng 180mm x Cao 1228mm', NULL, 1, 2, '1', 0);
INSERT INTO `products` VALUES (4, 'Bn Sofa  Bn Cafe  Bn Tr Trn G MOHO OSLO 901', 1290000, 1290000, 'Veneer g si t nhin\r\nB mt sn phm Bn Sofa G Trn MOHO OSLO 901 ph Veneer g si t nhin cho b mt vn g tinh t, bn mu, nhn v sng bng. ng thi, gip sn phm khng b co ngt, nt khi thi tit thay i.Cht liu cao su t nhin m b', '1', 'nht', 'xanh', NULL, NULL, 1, 0, '1', 0);
INSERT INTO `products` VALUES (5, 'Ging Ng G Trm MOHO VLINE 601 Nhiu Kch Thc', 5990000, 5990000, 'G trm t nhin s dng g trm t nhin m bo v  chc chn cao, chng cng vnh, mi mt cho ging ng ca bn.S dng cht liu g thng gip ging ng VLINE 601 c kh nng chu lc tt v  bn cao.\r\nGing ng VLINE c kch thc chiu ngang', '1', 'nht', 'xanh', 'Di 640mm x Rng 180mm x Cao 1228mm', NULL, 1, 5, '1', 0);
INSERT INTO `products` VALUES (6, 'Gh Vn Phng Chn Qu MOHO CALLOSO 701', 899000, 899000, ' Phn khung lng v ta tay c lm bng cht liu nha cao cp kt hp cng kt cu bo cong tng ng nt va to s mm mi trong thit k nhng li v cng chc chn v  bn cao.Vi li mm mi thong kh Vi cht liu vi nhp cao cp, thong kh', '1', 'm', 'xanh', NULL, NULL, 1, 1, '1', 12);
INSERT INTO `products` VALUES (7, 'Gh n Sofa G Cao Su T Nhin MOHO VLINE 601', 1990000, 1990000, 'Gh sofa n c th kt hp a dng phong cch c thit k ti gin, d dng kt hp vi gh sofa VLINE thng thng v sofa gc  to thnh mt b sn phm hon chnh cho ni tht phng khch nh bn thm hon thin, nng tm khng gian sng nh bn. Vi', '1', 'nht', 'xanh', 'Di 640mm x Rng 180mm x Cao 1228mm', NULL, 1, 1, '1', 0);
INSERT INTO `products` VALUES (8, 'Gh n G Cao Su T Nhin MOHO NEXO 601', 1790000, 1790000, 'Gh n gia nh NEXO s hu thit k ti gin, khng cu k, mang m phong cch Scannadivian p  v hin i. Cc chi tit trn tng gc cnh ca gh c x l bo trn v cng hon ho, to nn mt im nhn tinh t v m i trong thit k. Ngoi ra,', '1', 'nht', 'xanh', NULL, NULL, 1, 1, '1', 3);
INSERT INTO `products` VALUES (9, 'Bn n G Cao Su T Nhin MOHO ODENSE 601', 4990000, 4990000, 'Bn n p mang kiu dng tinh t, ti gin thit k bn n tot ln v ngoi y tinh t nh vo ng cong v bo trn gc cnh, mt bn c kch thc ln kt hp vi khung chn bn c tin thanh mnh nhng vn m bo  chc chn.Kt cu bn n g ch', '1', 'nht', 'xanh', NULL, NULL, 1, 0, '1', 0);
INSERT INTO `products` VALUES (10, 'Gh n G Cao Su T Nhin MOHO VIBORG 601', 1290000, 1290000, 'Gh n VIBORG mang trong mnh thit k tinh t v hin i.Gh n VIBORG s hu thit k ti gin, khng cu k nhng cc chi tit trn tng gc cnh ca gh c x l mt cch hon ho. Chng mang ng bo cong hon ho, t ng bo cong ca ta lng ', '1', 'nht', 'xanh', NULL, NULL, 1, 1, '1', 0);
INSERT INTO `products` VALUES (11, 'Gh n G Cao Su T Nhin 601 MOHO NYBORG', 1290000, 1290000, 'Gh n gia nh c thit k ti gin c trng ca b su tp NYBORG l s ti gin trong tng mn  ni tht g. S ng b vi nhng ng nt thit k ca bn n, gh n NYBORG to nn b bn n 4 gh mang li cm gic n gin nhng khng km sang tr', '1', 'nht', 'xanh', NULL, NULL, 1, 1, '1', 0);
INSERT INTO `products` VALUES (12, 'Bn n G Trm T Nhin MOHO NYBORG 301', 4990000, 4990000, 'Thit k mnh m v ti gin vi thit k khc bit so vi cc b su tp hin ti ca MOHO, bn n NYBORG mang trong mnh mt thit k mnh m, n gin nhng cng vi mu sc vintage, en bng ha vi mu ca g trm to nn mt thit k rt p mt v ', '1', 'nht', 'xanh', NULL, NULL, 1, 0, '1', 0);
INSERT INTO `products` VALUES (13, 'Gh sofa bng 200x90cm Loveseats 01 nm bc simili cao cp SFB68041', 10450000, 10450000, 'Gh sofa bng Loveseats 01 SFB68041 l mt trong nhng mu gh bng tot ln nt p c in c nhiu khch hng a chung v s dng trong cc thit k c hi hng retro. Nm mt D40 c  n hi m i, mang n s thoi mi khi ngi. Nm bc simili ', '1', 'nht', 'xanh', NULL, NULL, 1, 1, '1', 0);
INSERT INTO `products` VALUES (14, 'Gh sofa n, gh cafe nm simili khung st TTG014', 1794000, 1794000, 'Gh sofa n, gh cafe nm simili khung st TTG014 tot ln v p tinh t vi khung gh c lm t st trn thanh mnh nhng c kh nng chu lc tt kt hp vi phn nm bc simili sang trng, nm mt m i mang n s thoi mi khi ngi lu. Gh sofa ', '1', 'nht', 'xanh', NULL, NULL, 1, 1, '1', 0);
INSERT INTO `products` VALUES (15, 'Gh sofa n Napa nm bc vi tay vin g GSD68064', 1980000, 1980000, 'Gh sofa n Napa nm bc vi tay vin g GSD68064 vi phn lng, nm gh c lm t cht liu vi dy dn, c  n hi cao mang n s thoi mi cho ngi ngi trong qu trnh s dng kt hp cng khung chn c ch tc t st mang n s vng chi v', '1', 'nht', 'xanh', NULL, NULL, 1, 1, '1', 0);
INSERT INTO `products` VALUES (16, 'T trang tr ca knh g cao su chn st KTB68123', 6400000, 5990000, 'T trang tr ca knh g cao su chn st KTB68123 s dng cht liu chnh l g cao su tiu chun AA dy 17mm sn PU hon thin mu sc p kt hp cc h hc ko v ngn m p mt phi mu hp l s gip khng gian nh bn thm p hn. Chn st sn tn', '1', 'nht', 'xanh', NULL, NULL, 1, 2, '1', 0);
INSERT INTO `products` VALUES (17, 'T trang tr ca my  chn st KTB68119', 2450000, 2450000, 'T trang tr ca my  chn st KTB68119 c kch thc tng i nh gn, d di chuyn ph hp vi khng gian c din tch va v nh. Cht liu chnh c s dng l g cao su tiu chun AA c x l v hon thin chng thm m bo bn b theo thi gi', '1', 'nht', 'xanh', NULL, NULL, 1, 2, '1', 0);
INSERT INTO `products` VALUES (18, 'Sofa bng 1m7 nm bc vi chn g SFB68060', 6600000, 5280000, 'Sofa bng 1m7 nm bc vi chn g SFB68060 l mu gh va mang phong cch hin i va tot ln v p c in kh m cng li nn c rt nhiu khch yu thch v la chn cho phng khch ca mnh. Lng gh vi thit k git nt kt hp chn g tin l', '1', 'nht', 'xanh', NULL, NULL, 1, 1, '1', 0);
INSERT INTO `products` VALUES (19, 'Bn Sofa Olivia 2 tng chn st TT68132', 1495000, 1420000, 'Bn Sofa Olivia 2 tng chn st TT68132 mu bn l s kt hp ca 3 vt liu chnh gm G Trm dy 25mm, G cao su dy 17mm v khung chn st vi kch thc mt bn trn l trn 60cm c lm t g cao su tiu chun AA dy 17mm sn Pu Trng hon thin, m', '1', 'nht', 'xanh', NULL, NULL, 1, 0, '1', 0);
INSERT INTO `products` VALUES (20, 'Ging ng khung st Ferrro - 206x160x35 (cm) GN68004', 5500000, 5225000, 'Ging ng Ferro GN68004 c kch thc Queen Size 206x160x35 (cm) ph hp dnh cho hai ngi s dng. Nu bn ang tm kim mt mu ging ng c thit k c o v sng to th Ging Ng Ferro GN68004 s l mt s la chn tuyt vi. Phong cch kt hp', '1', 'nht', 'xanh', NULL, NULL, 1, 5, '1', 0);
INSERT INTO `products` VALUES (25, 'Bn lm vic 120x60cm g trm chn st sn tnh in SPD68200', 1650, 1485000, 'S hu kiu dng n gin, p mt vi phn mt bn c m rng thm vin g gip tng thm cht mc cho gc lm vic. Vi cht g keo dy dn em li s chc chn v bn b theo thi gian, vi  l cht vn g c o rt ph hp  trang tr cho cn phng lm vic thm sinh ng hn.', '0', 'vit nam', 'mu cnh gin', '120x60x75cm', '0', 1, 0, '1', 10);
INSERT INTO `products` VALUES (26, 'Bn lm vic 120x60cm g trm chn st ch A h Minimal SPD68201', 1820000, 1638000, 'Bn lm vic g Trm SPD68201 vi mt bn lm t g trm 25mm tiu chun AA  c x l PU hon thin cho b mt sn phm rt p mt, chng nc tuyt i. Kt hp vi mt bn l h khung chn st ch A h Minimal c c cu lp rp ngm v cng chc chn v tin li khi c th d dng tho lp v vn chuyn. ', '0', 'vit nam', 'G trm', '120x60x75cm', '0', 1, 0, '1', 10);
INSERT INTO `products` VALUES (27, 'Bn lm vic g Trm dy 25mm mu cnh gin chn st Aconcept HBWD046', 1710000, 1624000, ' Vi mt bn lm t g trm 25mm tiu chun AA  c x l PU hon thin cho b mt sn phm rt p mt, chng nc tuyt i. Kt hp vi mt bn l h khung chn st h Aconcept c c cu lp rp ngm v cng chc chn v tin li khi c th d dng tho lp v vn chuyn. Mt bn nhiu kch thc t nh gn 100x60cm n kch thc ln hn 140x60cm gip bn c s la chn ph hp vi nhu cu s dng.', '0', 'vit nam', 'mu cnh gin', '100-120-140x60x75cm', '0', 1, 0, '1', 10);
INSERT INTO `products` VALUES (28, 'Bn lm vic 120x60cm g Plywood h YCHI HBYC013', 1760000, 1584000, 'Bn lm vic 120x60cm g Plywood HBYC013 thuc h bn YCHI vi khung chn st c ly  tng t ch Y kiu dng c o, p mt. Khung chn st s dng st vung 40mm v st hp 40x80mm mang n s chc chn, c bit h YCHI s dng 3 thanh ging cc k chc chn. Mt bn g Pywood ct g t nhin  mt ph melamin nhiu vn mu sc la chn. Mt bn kch thc 120x60cm theo tiu chun bn lm vic hin nay.', '0', 'vit nam', 'mu vn si', '120x60x75cm', '0', 1, 0, '1', 10);
INSERT INTO `products` VALUES (29, 'Gh gim c chn xoay c ng lng HOGVP149', 3700000, 3515000, 'Gh gim c chn xoay c ng lng HOGVP149 c ch trng thit k cng kiu dng sang trng ph hp vi ngi dng l doanh nhn. Gh c gia cng t m vi cc ng ch may cn thn, p mt. Lng cao c th ng lng kt hp ta u th gin d dng chng mt mi tng nng sut cng vic v gip bn ngh ngi sau nhng gi lm vic cng thng.', '0', 'vit nam', 'nhiu mau', '', '0', 1, 1, '1', 10);
INSERT INTO `products` VALUES (30, 'Gh lm vic chn xoay nm simili GAKJB-673X', 1150000, 1150000, 'Gh lm vic chn xoay nm simili GAKJB-673X c cu to gm 2 phn nm ngi v chn xoay c bnh xe cng kch thc nh gn ph hp vi khng gian lm vic c din tch khim tn. Thit k ti gin nhng khng km phn p mt kt hp phn nm ngi bc simili nhiu mu sc chc chn s l im nhn cho khng gian lm vic ca bn thm phn n tng.', '0', 'vit nam', 'Xm, Kem, en', '48x45x82cm', '0', 1, 1, '1', 10);
INSERT INTO `products` VALUES (31, 'Gh lm vic chn xoay Iris nm nhiu mu GAK188', 1750000, 1750000, 'Gh lm vic chn xoay Iris nm nhiu mu GAK188 vi phn lng v nm gh bc simili cao cp hn ch try xc, chng thm nc d dng v sinh. Chn gh c lm bng cht liu st sn tnh in to s chc chn khi ngi, bnh xe di chuyn linh hot, thun tin khi cn ly . Bn cnh  gh lm vic GAK188 vi kiu dng p mt chc chn l s l im nhn cho khng gian lm vic ca bn.', '0', 'vit nam', 'Nu, Kem, Xanh', '56x56x86cm', '0', 1, 1, '1', 10);
INSERT INTO `products` VALUES (32, 'K sch g di ng nh gn hnh trn 2 tng KS68198', 1200000, 1080000, 'K sch di ng 2 tng KS68198 s dng hon ton bng g cao su t nhin c x l v hon thin chng thm nc, chng cong vnh v c vn mu sc p mt, ngoi mu g t nhin bn c th la chn nhng mu sc khc trong bng mu g ti HomeOffice. Di chn k trang b bnh xe c kho d dng di chuyn khi cn. Kiu dng k c o ph hp nhiu khng gian t phng khch gia nh n vn phng cng ty hay snh ch khu vc cng cng,...', '0', 'vit nam', 'G mu t nhin', '45x45x75cm', '0', 1, 4, '1', 0);
INSERT INTO `products` VALUES (33, 'T trang tr g t nhin KTB68127', 4950000, 4455000, 'T trang tr g t nhin KTB68127  s dng cht liu chnh l g cao su tiu chun AA dy 17mm sn PU hon thin mu sc p kt hp cc h hc ko v ngn m p mt phi mu hp l s gip khng gian nh bn thm p hn. Bn cnh , di chn t gn bnh xe c kho chc chn gip vic di chuyn thun tin d dng hn.', '0', 'vit nam', 'Mu g c ch.', '120x40x90(cm)', '0', 1, 2, '1', 0);
INSERT INTO `products` VALUES (34, 'K sch nh n gin 2 ngn g cao su KS68195', 790000, 790000, 'Vi kiu dng nh gn v n gin, mu k g KS68195 mang li cho khng gian lu tr linh ng, giup nh thc s sng to ca bn. Nu c nhiu  tng trang tr cho khng gian sng v lm vic, bn c th b tr thm 2 hoc 3 chic k g KS68195  bn c th va trang tr li cn phng thm sinh ng, va c thm khng gian lu tr. K c 2 ngn   c khong rng c kch thc va nhng cun sch c 30cm. Bn c th t vi mn  trang tr, sch v hoc chu cy ln .', '0', 'vit nam', 'G t nhin', '30x50x60cm', '0', 1, 4, '1', 0);
INSERT INTO `products` VALUES (35, 'Gh cafe lng ta bc nm chn st sn tnh in GAK626', 1650000, 1567000, 'Gh cafe GAK626 l dng gh ngi bc nm cao cp, c phn lng ta va vn v m i. Vi phn nm ngi v lng ta c bc nm dy dn, to cm gic thoi mi v d chu khi ngi lu. Bn ngoi c bp lp vi b c tng mu xm trng trung tnh, trang nh ph hp vi nhiu khng gian ni tht, d dng phi  ni tht hn. Chiu cao gh c cn chnh ng tiu chun, thch hp s dng cho nhiu mc ch khc nhau, lm gh bn n, gh cafe hoc gh lm vic. H khung chn st c gia cng chc chn, mi hng c x l t m trn tng chi tit.', '0', 'vit nam', 'Cam - Xm - en', '50x53x77', '0', 1, 1, '1', 0);
INSERT INTO `products` VALUES (36, 'Gh xp li lng cao khung sp sn tnh in GCF156', 169000, 169000, 'Gh xp li cafe GCF156 l loi gh chuyn dng cho qun cafe, tr sa, khch sn resort, hoc nhng hng qun cn s linh hot. Vi cht liu khung li dy dn, chu ti trng tt, ngi nhiu vn gi c dng gh. Khung st c lm chc chn, vi loi st dy dn, m bo cho ngi ngi cm gic thoi mi, khng b p p v rung lc. B mt khung st c sn tnh in chng g, gip m bo tnh thm m v  bn cho sn phm. ', '0', 'vit nam', 'en', ' 45x45x80cm', '0', 1, 1, '1', 0);
INSERT INTO `products` VALUES (37, 'Gh n trn g chn un plywood GCF154', 400000, 360000, 'Gh n g GCF154 mu gh n gin cho khng gian qun cafe mc mc chc chn, vi mt g cao su trn sn PU hon thin, sn phm ph hp vi nhiu mc ch s dng trong cc khng gian khc nhau. ', '0', 'vit nam', 'mu g t nhin', '32x38x45cm', '0', 1, 1, '1', 0);
INSERT INTO `products` VALUES (38, 'Bn n trn 1m VERA mt g nhiu mu chn st sn tnh in BA68044', 2365000, 2128000, 'Mt bn c lm t g cao su t nhin, dy 17m sn PU hon thin tiu chun ca HomeOfice vi 5 mu gip bn c c s la chn hp vi nhu cu v s thch ca bn thn, y l mt trong nhng u im ca HomeOffice c nhiu khch hng yu thch. Chn st c gia cng t m tng gc  cho ra i khung chn bn c  hon thin cao v kh nng chu lc tt, b mt st ph lp sn tnh in cao cp chng r st m bo  bn theo thi gian. Mu bn n trn c nhiu ngi dng a chung v kh nng tit kim din tch by tr mang n khng gian nh bp thoi mi, thong ng m gn gi s gp phn gip bn to nn khng gian nh bp l tng.', '0', 'vit nam', 'mu g t nhin ', '100x75cm', '0', 1, 0, '1', 0);
INSERT INTO `products` VALUES (39, 'Bn n Mini g cao su chn st lp rp BA68041', 1345000, 1278000, 'Bn n Mini g cao su chn st lp rp BA68041 mt bn g cao su t nhin c hon thin PU chng thm nc, cong vnh. Chn bn c cu lp rp hng n s tin li, gip bn thun tin khi tho lp hay vn chuyn. Kch thc mt bn 70x70(cm) tng i nh gn ph hp vi khng gian c din tch va v nh, bn BA68041 c th l bn n gip tit kim din tch to s thong ng cho nh bp ca bn.', '0', 'vit nam', 'mu g t nhin', '70x70x75cm', '0', 1, 0, '1', 0);
INSERT INTO `products` VALUES (40, 'Ging tng khung st lp rp mt g t nhin GT013', 8500000, 8500000, 'Ging tng khung st lp rp GT013 vi h khung st lp rp chc chn t st hp dy 1.2mm vi h khung ngm hin i, gia cng hon thin  mc cc cao, sn tnh in p mt. Cc h g cao su dy 18mm tiu chun AA c x l PU hon thin b mt p. y l sn phm thng minh gip vn chuyn vo cc cn nh din tch khim tn. Bn cnh cng nng th cht lng sn phm, v thm m cng c HomeOffice ch  n trong cc chi tit sn xut hon thin. Mu ging ph hp vi nm kch thc 1mx2m 2 tng cho hai ngi nm ng thoi mi .', '0', 'vit nam', ' Nhiu mu', '206x120x180cm', '0', 1, 5, '1', 0);
INSERT INTO `products` VALUES (41, 'Ging ng kt hp trang tr c hc ko g cao su GN68035', 12045000, 11443000, 'Ging ng kt hp trang tr c hc ko g cao su GN68035 vi thit k c o v tin ch cao khi kt hp nhiu ngn v hai hc ko rng ri gip bn ti u khng gian, mn gi s c bo qun gn gng p mt hn mang n phng ng mt v p n gin, nh nhng v tinh t ng thi cng gip cho khng gian rng ri, thong t hn. Ging ng tch hp hc ko chnh l gii php tuyt vi cho xu hng nh ph, nh chung c hin nay. Cht liu lm nn ging ng GN68035 c chng ti s dng l g cao su AA chun xut khu,  c x l qua cng ngh hin i v c ph sn PU chng thm m bo s dng trong thi gian di.', '0', 'vit nam', 'mu g t nhin', '160x220x100cm', '0', 1, 5, '1', 0);
INSERT INTO `products` VALUES (42, 'Ging tng kt hp t qun o g cao su khung st GT009', 12320000, 11704000, 'Ging tng kt hp t qun o GT009 s dng cht liu chnh l g cao su tiu chun AA c x l chng thm nc v sn PU vn mu p mt kt hp cng h khung st chc chn, b mt st sn tnh in cht lng cao bn b theo thi gian. Thit k thng minh khi kt hp ging ng v t qun o trong cng mt sn phm gip ti u din tch s dng, l gii php tuyt vi cho khng gian c din tch khim tn. Bn cnh , bn c th t bn hc, bn lm vic bn cnh t m khng nh hng n vic s dng t qun o v t c thit k ca la v khng gian m, rt tin li ng khng no.', '0', 'vit nam', 'nhiu mu la chn', '208x123x190cm', '0', 1, 5, '1', 5);
INSERT INTO `products` VALUES (43, 'Ging 140x200cm kt hp k trang tr g cao su khung st GT012', 12320000, 11704000, 'Ging 140x200cm kt hp k trang tr g cao su khung st GT012 vi h khung st lp rp sn tnh in v cng chc chn v khoa hc kt hp vi g cao su tiu chun AA sn Pu hon thin vi hai mu chnh l g t nhin m p v mu nu lau c o. y chc chn l s la chn hon ho cho cn h - chung c hay khu k tc x c din tch s dng nh nh thit k thng minh mang tnh tin ch cao khi tch hp khng gian hc tp, lm vic v ngh ngi mang n khng gian thong ng hn.', '0', 'vit nam', 'nhiu mu la chn', '255x145x180cm', '0', 1, 5, '1', 0);
INSERT INTO `products` VALUES (44, 'K treo qun o ng nc g t nhin KTD68004', 2420000, 2251000, 'K treo qun o ng nc g t nhin KTD68004 c thit k c o v tin li vi 2 phn l k treo qun o bng ng nc v k g  . K ng nc chiu di 90cm gip treo qun o c gn gng, ngn np v pha bn di l tm g bn c  giy dp hay cc mn  thng s dng. Pha bn phi l k g chia thnh 4 tng  c nhiu mn vt dng hay trng by  trang tr. Bn cnh , di chn k gn bnh xe c kho tng  linh hot, gip vic di chuyn d dng hn', '0', 'vit nam', 'mu g t nhin ', ' 130x120cm', '0', 1, 4, '1', 0);
INSERT INTO `products` VALUES (45, 'K trang tr phng khch c hc  cy cnh KTB68135', 2520000, 1590000, 'K trang tr KTB68135 c b tr thm ngn  cy xanh, gip bn theo kp xu hng trng cy ni tht, to mnh xanh trong nh m khng khin khng gian tr nn qu ln xn. Ngn  cy cnh trn cng c th gip cn phng gn gng, xanh ti v khng gian cng tr nn hin i hn. Hy th kt hp vi mt s loi cy thn tho, bung r v vn di nh mt loi cy tru b, gip to  su, gim bt  phng ca chic k. Khng nhng gip trang tr li khng gian ni tht phng khch, k trang tr KTB68135 l  tng tuyt vi mang li gii phplu tr gip cho khng gian tr nn gn gng hn.', '0', 'vit nam', 'Mau G sn PU', '120x30x110cm', '0', 1, 4, '1', 0);
INSERT INTO `products` VALUES (46, 'K giy kim gi treo  thng minh g Tre KG68061', 1800000, 1800000, 'K giy kim gi treo  thng minh g Tre KG68061 sn l sn phm nm trong b su tp gh t giy vi cht liu 100% g tre p siu cng, mu sc p sn PU hon thin p mt vi mu sc t nhin. Vi thit k thng minh khi tch hp gh ngi, gi treo  vi k giy gip bn d dng hn khi cn thay i giy, dp.', '0', 'vit nam', 'Mu g t nhin.', '70x33x175cm', '0', 1, 4, '1', 0);
INSERT INTO `products` VALUES (47, 'K  giy dp g Tre ghp KG68069', 3750000, 1590000, 'K  giy dp g Tre ghp KG68069 sn l sn phm nm trong b su tp gh t giy vi cht liu 100% g tre p siu cng, mu sc p sn PU hon thin p mt vi mu sc t nhin. Vi thit k thng minh khi tch hp t  giy vi gh ngi gip bn d dng hn khi cn thay i giy, dp. Mu k giy g tre khng nhng hon thnh tt cng nng ca mnh m cn l mn  trang tr p mt cho khng gian ca bn.', '0', 'vit nam', 'mu cnh gin', '120x60x75cm', '0', 1, 4, '1', 0);
INSERT INTO `products` VALUES (48, 'K sch k trang tr g Plywood khung st KS68167', 4290000, 3861000, 'K sch k trang tr g Plywood khung st KS68167 l s kt hp gia cc tm g Plywood v nhng khung st c sp xp vi nhay mt cch hi ha v bt mt ngi nhn. Vi kiu dng hin i, mang tnh thm m cao cng nhng tin ch cn c k KTB68167 ph hp vi nhiu khng gian khc nhau t vn phng cng ty n phng khch gia nh u c th im nhn cho cn phng ca bn.', '0', 'vit nam', ' Mau G Plywood', '120x30x146', '0', 1, 4, '1', 0);
INSERT INTO `products` VALUES (49, 'Bn lm vic gp gn c bnh xe (Version 2) g cao su SPD68188', 1850000, 1480000, 'Bn lm vic gp gn c bnh xe (Version 2) g cao su SPD68188 l sn phm thuc dng bn linh hot, gn gng khi chn bn c thit k hng n s tin li ti a khi c th gp gn mt cch d dng. Mt bn g cao su dy 17mm tiu chun AA c x l v hon thin chng thm nc, g cao su t nhin do dai bn b theo thi gian, bn cnh  g cao su ti HomeOffice c sn PU 5 mu sc khc nhau gip bn c thm s la chn. Di mi chn bn c trang b bnh xe c cht kha gip vic di chuyn tr nn nh nhng hn, v c th sp xp cc b cc khc nhau ty theo tnh cht v quy m vi mi khng gian ln hay nh.', '0', 'vit nam', 'mu g t nhin ', '120x60x75cm', '0', 1, 0, '1', 0);
INSERT INTO `products` VALUES (50, 'Bn kt hp k g cao su chn st BD68088', 3350000, 2847000, 'Bn kt hp k g cao su chn st BD68088 s dng g cao su ghp tiu chun AA dy 17mm ca HomeOffice  c khng nh qua nhiu nm, mu sc t nhin p mt, khung chn st sn tnh in rt chc chn, mu bn BD68088 khng ch dng lm bn hc m cn c th dng lm lm vic u c. ', '0', 'vit nam', 'Mu g t nhin', '100x60x115cm', '0', 1, 0, '1', 0);
INSERT INTO `products` VALUES (51, 'K tivi g cao su khung st KTV68097', 3400000, 2720000, 'K tivi g cao su khung st KTV68097 vi chiu di 1.5m ph hp vi a phn khng gian v mi thit b c th va lm k tivi va lm t trang tr u rt p mt. Cht liu chnh l g cao su sn Pu phi hp gia mu en v mu t nhin kt hp cng khung st sn tnh in v cng chc chn. S hu kiu dng hin i, tinh t kt hp vi thit k thng minh chia nhiu ngn, tng gip tng khng gian lu tr trong phng khch.', '0', 'vit nam', 'G sn PU mu t nhin', '150x40x50cm', '0', 1, 4, '1', 0);
INSERT INTO `products` VALUES (52, 'K tivi g t nhin chn st KTV68098', 3400000, 2720000, 'K tivi g t nhin chn st KTV68098 vi chiu di 1m6 v chiu rng 40cm ph hp vi cc khng gian phng khch va v ln, k cao 50cm nn c th  tivi ng trn k chiu cao s ph hp vi chiu cao ca gh sofa. Cht liu chnh l g cao su tiu chun AA dy 17mm sn PU hon thin mu sc p kt hp chn k inox mang n v sang trng nhng khng mt i s chc chn cn c. K tivi KTV68098 s hu kiu dng n gin, tinh t vi cc h hc ko v ca m p mt phi mu hp l s gip khng gian nh bn thm p hn.', '0', 'vit nam', 'G sn PU ', '160x40x50cm', '0', 1, 4, '1', 0);
INSERT INTO `products` VALUES (53, 'K tivi c ngn ko g cao su chn st KTV68096', 3600000, 2880000, 'K tivi c ngn ko g cao su chn st KTV68096 vi chiu di 1.6m, chiu rng 40cm ph hp vi a phn khng gian v mi thit b c th va lm k tivi va lm t trang tr u rt p mt. Cht liu chnh l g cao su tiu chun AA dy 17mm sn PU hon thin mu sc p kt hp ca knh trong cng cc h hc ko v ngn m s gip khng gian nh bn thm p hn. Chn st sn tnh in chng r st m bo  bn cao cng nh tnh thm m cho sn phm.', '0', 'vit nam', 'mu cnh gin', '120x60x75cm', '0', 1, 0, '1', 0);
INSERT INTO `products` VALUES (54, 'K tivi c ngn ko g cao su chn st KTV68095', 3600000, 2880000, 'K tivi c ngn ko g cao su chn st KTV68095 vi chiu di 1.6m, chiu rng 40cm ph hp vi a phn khng gian v mi thit b c th va lm k tivi va lm t trang tr u rt p mt. Cht liu chnh l g cao su tiu chun AA dy 17mm sn PU hon thin mu sc p kt hp cc h hc ko v ngn m s gip khng gian nh bn thm p hn. Chn st sn tnh in chng r st m bo  bn cao cng nh tnh thm m cho sn phm.', '0', 'vit nam', 'mu t nhin', '160x40x50cm', '0', 1, 4, '1', 0);
INSERT INTO `products` VALUES (55, 'K tivi g t nhin ca my chn st KTV68100', 3200000, 2560000, 'K tivi g t nhin ca my chn st KTV68100 vi cht liu g cao su tiu chun AA dy 17mm sn PU hon thin mu sc sang trng kt hp vi ca my nha mu trng lm im nhn. K di 1.4m ph hp vi mi khng gian phng khch hay phng ng, thit k vi ca m v hc ko tin li, tng kh nng lu tr  c. Hnh nh thc t mu sn pu g gc ch sang trng, bn cnh  qu khch c th t mu theo yu cu. ', '0', 'vit nam', 'mu g t nhin', '140x40x50cm', '0', 1, 4, '1', 0);
INSERT INTO `products` VALUES (56, 'Bn bn sofa mt  khung st sn tnh in SST029', 1200000, 1050000, 'Bn bn sofa mt knh khung st SST029 s hu kiu dng ti gin, tinh t vi mt bn knh trong kt hp cng khung st sn tnh in mu en ph hp vi mi khng gian phng khch ca cn h, chung c, nh ph... Bn cnh , tab trang tr SST029 cn thit k thm k li ng sch, bo mang n s tin li trong qu trnh s dng.', '0', 'vit nam', 'mu cnh gin', '50x55cm', '0', 1, 0, '1', 0);
INSERT INTO `products` VALUES (57, 'Bn bn sofa phng khch g si cao cp STT030', 1650000, 1485000, 'Bn bn sofa STT030  tng tuyt vi  gia tng thm tin ch, cng nh nt thm m cho khng gian phng khch. Vi tng mu nh nhng t cht liu g si cao cp, cng ng vn g sc nt. Tht s khng qu kh  chic bn bn sofa STT030 lm ni bt gc phng khch, tn ln c tnh ring ca bn. t mt chic bn bn sofa cng l cch gia tng tin ch, gip cn phng c thm khng gian lu tr v trang tr.', '0', 'vit nam', 'mu g t nhin', '46x52,5 cm ', '0', 1, 0, '1', 0);
INSERT INTO `products` VALUES (58, 'Bn bn sofa g si mt knh hiu ng cao cp STT031', 1850000, 1665000, 'Bn bn sofa STT031  tng tuyt vi  gia tng thm tin ch, cng nh nt thm m cho khng gian phng khch. Vi tng mu nh nhng t cht liu g si cao cp, cng ng vn g sc nt. Tht s, khng qu kh  chic bn bn sofa STT031 lm ni bt gc phng khch, tn ln c tnh ring ca bn. t mt chic bn bn sofa cng l cch gia tng tin ch, gip cn phng c thm khng gian lu tr v trang tr.', '0', 'vit nam', 'mu cnh gin', '46x52,5 cm', '0', 1, 0, '1', 0);
INSERT INTO `products` VALUES (59, 'T G K Ngn MOHO VIENNA 201 2 Mu', 2790000, 2790000, 'VIENNA l nim ao c t chn n ca nhiu ngi bi n l th  ni ting bc nht v s lng ly ca cc ta lu i nguy nga, trng l. y l ngun cm hng cho b su tp ni tht VIENNA, nh vy m cc sn phm thuc b su tp ny u mang nt hin i ca th  nc o.\r\n\r\nKiu dng ti gin, hin i\r\n\r\nVi mu sc v li thit k n gin d kt hp cc mu ni tht khc nhng li mang n khng gian hin i v sang trng.\r\n\r\nTi u ha khng gian lu tr\r\n\r\nVi 5 k ngn gip lu tr mt cch linh hot, gip khng gian gn gng, ngn np', 'MFWRCA901.W05', 'Vit Nam', 'Mu trng', 'Di 50cm x Rng 60cm x Cao 2m1', 'G cng nghip PB chun CARB-P2 (*), Sn ph UV', 1, 2, '2', 0);
INSERT INTO `products` VALUES (60, 'T a Ngn Donica', 4400000, 4490000, 'Thit k ln, vng chc: T a ngn Donica s hu kch thc rng vi chiu di ln n 1.5m, sn phm s hu kt cu vng chc c th cha ng nhiu vt nng.\r\n\r\nT a nng: Vi thit k n gin, t c th dng cho nhiu mc ch khc nhau nh l t , t qun o, t k tivi, t giy.', 'STMADMADDONIWID1.0081', 'Vit Nam', ' Xanh', 'Di 797mm x Rng 450mm x Cao 1500mm', 'G cng nghip MDF chun CARP-B2 (*)', 1, 2, '1 nm', 0);
INSERT INTO `products` VALUES (61, 'T K Tivi G MOHO ODENSE 601', 7500000, 7990000, 'K tivi c 02 cnh trt\r\nVi thit k theo phong cch VINTAGE cnh ca ca k tivi ODENSE c thit k cnh trt  thu nh din tch ng m v 2 hc ko tin li.', 'MFTCCBN01.B16MFTCCA901.N16', 'Vit Nam', 'Cam t', 'Di 160cm x Rng 40cm x Cao 50cm', 'G cng nghip MFC/PB t chun CARP-B2', 1, 2, '2 nm', 0);
INSERT INTO `products` VALUES (62, 'T K Tivi G MOHO VLINE 301', 3800000, 3990000, 'Ngn k rng ri thoi mi khi lu tr\r\n\r\nT c mt ngn t ln cng 2 ngn k nh to im nhn sang trng, hin i, tng chi tit p tinh t, v phc v nhu cu ct tr  v trang tr cc vt dng gia nh khc.', 'MFTCCA901.N16', 'Vit Nam', 'T nhin', 'Di 160cm x Rng 41cm x Cao 51cm', 'G cng nghip PB chun CARB-P2 (*), Veneer g s t nhin', 1, 2, '2 nm', 0);
INSERT INTO `products` VALUES (63, 'T K Tivi G Trm MOHO VLINE 301', 3800000, 3900000, 'Ngn k rng ri thoi mi khi lu tr\r\n\r\nT c mt ngn t ln cng 2 ngn k nh to im nhn sang trng, hin i, tng chi tit p tinh t, v phc v nhu cu ct tr  v trang tr cc vt dng.', 'MFTCCA901.B16', 'Vit Nam', 'Nu', 'Di 160cm x Rng 41cm x Cao 51cm', 'G trm, veneer trm', 1, 2, '2 nm', 0);
INSERT INTO `products` VALUES (64, 'T u Ging G MOHO MALAGA 302', 1400000, 1490000, 'Thit k nh gn, tinh t\r\nT u ging MALAGA mang n im nhn thu ht cho khng gian ni tht phng ng.', 'MFBSCAO02.N05', 'Vit Nam', 'Nu', 'Di 41cm x Rng 50 cm x Cao 51,5cm', 'G cng nghip PB, MDF chun CARB-P2 (*)', 1, 2, '2 nm', 0);
INSERT INTO `products` VALUES (65, 'T u Ging G MOHO VLINE 801 Mu T Nhin', 1700000, 1790000, 'Thit k nh gn, tinh t\r\n\r\nLy cm hng t nt p Vit pha ln cht hin i, mang n im nhn thu ht cho khng gian ni tht phng ng.', 'MFBSCA802.N05', 'Vit Nam', 'T nhin', 'Di 55cm x Rng 41cm x Cao 51,5cm', 'G cng nghip MDF chun CARB-P2 (*), Veneer g si t nhin', 1, 2, '2 nm', 0);
INSERT INTO `products` VALUES (66, 'T u Ging G My Mt Co MOHO FIJI 401', 1900000, 1990000, 'Thit k phong cch Tropical\r\n\r\nT u ging FIJI c thit k ti gin kt hp vi v p ca cht liu my an t nhin chc chn s thi thm nt xanh v mang n cho khng gian ni tht phng ng ca bn v p  ng mi. Bn c th cm nhn s ti mi nh ang thong dong gia mt cnh rng xanh mt bt tn.\r\n\r\nNgoi ra, t u ging FIJI cn l mt la chn tuyt vi cho nhng ai yu thch s t nhin ca phong cch Tropical c th kt hp cng ging ng, t qun o, gh sofa.\r\n\r\n', 'MFBSCB801.B55', 'Vit Nam', 'Nu', 'Di 50cm x Rng 45cm x Cao 50.5cm', 'G cng nghip PB chun CARB-P2 (*)', 1, 2, '2 nm', 0);
INSERT INTO `products` VALUES (67, 'Hc T 3 Ngn Lu Tr Ti Liu C Kha MOHO WORKS 201', 1700000, 1790000, '3 tng lu tr\r\n\r\nMc d t c thit k nh gn nhng vn c thit k c 3 tng  sp xp, phn loi v lu tr h s. Va vn vi giy t c kch thc A4.', 'MFBSCA802.N07', 'Vit Nam', 'Trng', 'Di 35cm x Rng 42cm x Cao 63cm ', 'G cng nghip PB cao cp chun CARB-P2 (*), sn ph UV', 1, 2, '2 nm', 0);
INSERT INTO `products` VALUES (68, 'T Giy  T Trang Tr G MOHO VIENNA 201', 2400000, 2500000, 'Ti u ngn lu tr\r\n\r\nT Giy - T Trang Tr G MOHO VIENNA c thit k vi nhiu tng ngn tin li v thong kh. T ng giy c khng gian lu tr ln  t 15 - 20 i giy, dp cho c gia nh. Ngoi ra bn c th thay i kch thc k ngn, ph hp cha ng cc mn  khc nh m bo him,  d, o ma... \r\n\r\n', 'MFBSCA802.N05', 'Vit Nam', 'T nhin', 'Di 55cm x Rng 41cm x Cao 51,5cm', 'G cng nghip MDF chun CARB-P2 (*), Veneer g si t nhin', 1, 2, '2 nm', 0);
INSERT INTO `products` VALUES (69, 'T Giy  T Trang Tr G MOHO OSLO 901', 2490000, 2520000, 'T ng giy dp c th s dng a chc nng\r\nThit k bt mt ca t khng ch c s dng  ng giy dp m cn l t trang tr to nn khng gian ni tht phng khch sang trng, d dng thu ht nh nhn v ph hp vi nhiu din tch khng gian khc nhau ca gia nh.', 'MFSHCA601.N08', 'Vit Nam', 'T nhin', 'Di 80cm x Rng 36cm x Cao 92cm', 'G cng nghip PB chun CARB-P2 (*), Sn ph UV', 1, 2, '2 nm', 0);
INSERT INTO `products` VALUES (70, 'n chm hin i CCH-3743-15', 2900000, 2900000, 'n hin i l sn phm c nhiu ngi a chung, yu thch bi nhng u im ni bt kt hp vi cng nng s dng tt nht khin cho dng sn phm n trang tr hin ai tr thnh xu hng mua sm tt nht ca thi i 4.0. Trong , mu n chm hin i CCP-3743-15 l s la chn hon ho, ph hp vi nhng ngi theo xu hng hin i v hy ng hnh cng Casani  cng tm hiu nh.', 'CCH-3743-15', 'Vit Nam', 'Vng', 'D800xH300mm', 'Hp kim m mu vng , chao thy tinh', 1, 3, '1 nm', 0);
INSERT INTO `products` VALUES (71, 'n chm th hin i CCH-5620-15', 2300000, 2500000, 'n chm th hin i CCH-5620-15 ca Casani s l im nhn n tng cho phng khch ca bn thm sang trng v mi m hn. nh sng d l t nhin hay nhn to vn lun lun mang li s thay i tch cc nht, gip khng gian cn phng, ngi nh ca bn thm thu ht v bt mt.', 'CCH-5620-15', 'Vit Nam', 'Vng', 'D900*430mm', 'Khung hp kim & chao thy tinh', 1, 3, '1 nm', 0);
INSERT INTO `products` VALUES (72, 'n Tng Hin i CDT-2522', 700000, 800000, 'n Tng Hin i CDT-2522 cao cp c s dng vi tiu ch em li ngun nh sng b tr cho cc loi n chiu sng chnh gip t im, lm ni bt nhng gc khut, khu vc m nh sng chnh cn b st.', 'CDT-2522', 'Vit Nam', 'Vng', '22*60cm', 'Bng: ui xoy', 1, 3, '1 nm', 0);
INSERT INTO `products` VALUES (73, 'n mm pha l CMT1718-800', 6900000, 7200000, 'C th ni nhng mu n mm pha l ang chim c rt nhiu nim tin yu ca khch hng, khng nh v th s 1 trong phn khc n trang tr p ti H Ni. Tip ni s thnh cng , hm nay chng ti gii thiu cho bn mt mu sn phm hon ton mi c m CMT1718-800. Vi v p c trng, chc chn y l mu sn phm ng  bn dnh s quan tm cho n.', 'CMT1718-800', 'Vit Nam', 'Trng -Vng- Trung tnh', 'D80*H40CM', 'Mm inox kt hp pha l', 1, 3, '2 nm', 0);
INSERT INTO `products` VALUES (74, 'n mm pha l p trn MTK-103V', 5200000, 5600000, 'C th ni nhng mu n mm pha l ang chim c rt nhiu nim tin yu ca khch hng, khng nh v th s 1 trong phn khc n trang tr p ti H Ni. Tip ni s thnh cng , hm nay chng ti gii thiu cho bn mt mu sn phm hon ton mi c m CMT1718-800. Vi v p c trng, chc chn y l mu sn phm ng  bn dnh s quan tm cho n.', 'MTK-103V', 'Vit Nam', 'Vng', 'D80*H40CM', 'Mm inox, qu phale', 1, 3, '2 nm', 0);
INSERT INTO `products` VALUES (75, 'n mm p trn cho b CMB-1940', 1200000, 1290000, 'Kch thch tr tng tng, sng to cho b vi thit k ng nghnh, ng yu.\r\nNh qu khch  bit, cc b thng hay thch nhng  vt c thit k ng yu, ng nghnh. Hiu c iu , chng ti em n cho qu khch mt sn phm n mm p trn vi mt thit k v cng tinh t, bt mt to cm gic th mng d thng gip b c thm hng th v kch thch tr tng tng v kh nng sng to ca mnh.', 'CMB-1940', 'Vit Nam', 'Trng -Vng- Trung tnh', 'D500xH500mm', 'khung hp kim kt hp cng mika', 1, 3, '2 nm', 0);
INSERT INTO `products` VALUES (76, 'n chm hin i CCH-3759-60', 5800000, 6000000, 'Thit k ni bt, n tng\r\nn chm trang tr hin i CCH-3759-60 s hu thit k y c o, quyn r, thu ht mi nh nhn. im nhn n tng ca mu n ny nm  nhng vin pha l trong sut nh nhng git nc c gn vi nhau r xung nh nhng dng nc. Khi nh n led bt ln, nhng vin pha l y cng tr nn lung linh, bt mt. Mt v p c o, tinh t v v cng sang trng mang n cho c khng gian.', 'CCH-3579-60', 'Vit Nam', 'Vng ( c th thay bng 3 mu )', 'D600 x H550mm', 'Khung hp kim, dy ht pha l', 1, 3, '2 nm', 0);
INSERT INTO `products` VALUES (77, 'n chm pha l hin i CCH-3621-60', 5500000, 5700000, 'Hu ht cc loi n pha l hin i u c sn sut khng ch thon mn nhu cu v thp sng m cn dng  lm p cho ni tht, gp phn lm p cho khng gian thm sang trng v n tng. Dng sn phm ny c tnh phn cp rt hp l, chng lun c to im nhn nh vo nhng chm bng pht ra nh sang lng ly,hon m ph hp vi nhng khng gian sang trng.', 'CCH-3621-60', 'Vit Nam', 'Vng ( c th thay bng 3 mu )', 'D600mm*450mm', 'Khung hp kim & pha l khi trng', 1, 3, '2 nm', 0);
INSERT INTO `products` VALUES (78, 'n Tng Hin i CDT-2648', 5000000, 5800000, 'Ph hp: Phng khch, phng ng, nh hng, khch sn....', 'CDT-2648', 'Vit Nam', 'Vng ( c th thay bng 3 mu )  ', '170*540mm', 'Hp kim & pha l ', 1, 3, '1 nm', 0);
INSERT INTO `products` VALUES (79, 'n gn tng hnh lang phong cch Retro ZXL6836', 1693000, 1796000, 'n gn tng hnh lang phong cch Retro ZXL6836 l n tng c thit k theo phong cch cng nghip Retro c o, p mt. n c khung bng thp cao cp vi 2 mu sc p mt cho bn thoi mi la chn, chao n thy tinh trong sut tinh t. Sn phm s gip tng tnh thm m cho khng gian trang tr c nhn bn.\r\n\r\nn gn tng hnh lang phong cch Retro ZXL6836 l la chn ph hp cc cng trnh hin i, n ng dng vo n treo tng cu thang, phng ng, phng khch v cc khu vc chc nng khc nhau.', 'ZXL6836', 'Vit Nam', 'nh sng m\r\n\r\n', '20*50', 'Thp cao cp, Thu tinh', 1, 3, '2 nm', 0);
INSERT INTO `products` VALUES (80, 'Ging Ng G Trm MOHO MALAGA 302 1m2', 3490000, 3580000, 'Thnh ph MALAGA ngp trn nh sng mt tri, lng ng cht yn bnh ca khung cnh chim b cu trn nhng cy ng ng ti qung trng chnh l ngun cm hng to thit k cho b su tp ni tht MALAGA. \r\nKiu dng thit k ti gin\r\nVi li thit k ti gin v tone mu nu trm gip cho ging ng MALAGA d dng kt hp vi cc ni tht khc.\r\n\r\nTng mu nu trm', 'MFBNCA502.N12', 'Vit Nam', 'Nu', 'Di 200cm x Rng 120cm', 'G trm t nhin', 1, 5, '2 nm', 0);
INSERT INTO `products` VALUES (81, 'Ging Ng G MOHO VLINE 601 Nhiu Kch Thc', 4990000, 5200000, 'Ging ng c a dng kch thc\r\nGing ng g VLINE c kch thc a dng chiu khc nhau ty theo nhu cu mua sm ca bn, kch thc ph hp vi cc loi nm tiu chun (1m2 x 2m, 1m4 x 2m, 1m6 x 2m, 1m8 x 2m) gip cho vic la chn v mua sm ca bn tr nn d dng hn.', 'MFBNCA804.N12', 'Vit Nam', 'T nhin', 'Di 212cm x Rng 136/156/176/196cm x Cao n u ging 92cm', 'G trm t nhin, Veneer g si t nhin', 1, 5, '2 nm', 0);
INSERT INTO `products` VALUES (82, 'Ging Ng G Cao Su MOHO NEXO 301 Mu Nu', 8490000, 8600000, 'Thit k u ging c o\r\nGing Nexo c phn ta lng c thit k c o vi ng bo gc c bit  ngi c sch hoc xem TV. Phn g ni ln  2 nh u ging c un cong t m, khng to ra s tha thi m cn gip to nn mt im nhn thit k trang nh hn c.', 'MFBNCBD03.B16', 'Vit Nam', 'Nu', '169cm X 222cm X 90cm', 'G cao su t nhin, MDF Veneer trm chun CARB-P2', 1, 5, '2 nm', 0);
INSERT INTO `products` VALUES (83, 'Ging Ng Bc Nm MOHO SKJEBERG 801 Mu T Nhin', 8500000, 8600000, 'Cc mn  g ni tht trong b su tp ny u c ly cm hng t s yn bnh v khng kh m p ca qun SKJEBERG  Na Uy, cc sn phm mang m phong cch Scandinavian ha hn s em n cho bn cm gic th gin, thoi mi trong chnh t m thn yu ca mnh.', 'MFBNCBN01.N16', 'Vit Nam', 'T nhin', '172cm X 200cm X 90cm', 'G cao su t nhin, vi Polyester Canvas', 1, 5, '2 nm', 0);
INSERT INTO `products` VALUES (84, 'Ging Ng G Trm MOHO HOBRO 301', 8500000, 8700000, 'Kiu dng c thit k c o, mi l\r\nNhng ng veneer an xo c cc th th cng lnh ngh kho lo ghp 1 cch t m v chnh chu  to ra im nhn v cng c o  phn u v thn ging HOBRO.\r\n\r\nNgh thut hnh hc: S dng veneer trm c bit vi k thut dn cao cp to ra hiu ng 3D hnh hc i xng nhau.\r\n\r\nHiu ng mu sc 3D: Vi cc ng veneer an xen v i xng nhau  to nn mt sc mu tng th c th thay i ty vo mi gc nhn khc nhau. Khi nhn chnh din s thy s i lp hon ton gia 2 mu veneer nhng nhn cho s thy mu sc gia 2 mng i xng gn dn dn tng ng.', 'MFBNCBD01.B16', 'Vit Nam', 'T nhin', '210cm x Rng 171/191cm', 'G trm t nhin/ MDF veneer trm', 1, 5, '2 nm', 0);
INSERT INTO `products` VALUES (85, 'Bn cm 2 lin k 5 tng g cao su khung st lp rp TK071', 5200000, 5200000, 'Bn cm 2 ngi TK071 c thit k lin k  , gip m rng khng gian lu tr  v tng tnh thm m cho khng gian vn phng. Vi mt bn c s dng cht liu g cao su tiu chun AA, tiu chun xut khu, c vn g p, c  dy 17cm chu lc tt. H chn bn st lp rp linh hot, s dng c cu ngm d s dng, lin kt chc chn v n nh, b mt khung chn c ph lp sn tnh in cht lng, em li  bn b v p mt.\r\n\r\nMt bn kch thc 120x120cm, din tch mi ngi s dng l 120x60cm y l kch thc tiu chun cho bn lm vic n mt ngi ngi. Chiu cao tiu chun bn lm vic 75cm ph hp vi hu ht cc gh vn phng hin nay.', 'TK071', 'Vit Nam', 'Mt bn melamin vn ti. Khung chn st sn tnh in en hoc trng', '120x150x140 (cm)', 'G cao su AA dy 17mm. Chn st hp vung 25x25mm c cu lp rp chc chn, linh hot.', 1, 6, '1 nm', 0);
INSERT INTO `products` VALUES (86, 'Bn lm vic 120x60cm h OMA II g cao su lp rp ngm HBOM202', 1435000, 1435000, 'Bn lm vic 120x60cm HBOM202 thuc h bn OMA II c c im khung chn st lp rp vi chn tr c lm t st trn tot ln v p mm mi, tinh t nhng khng km phn chc chn v tin li khi c th tho lp, gip vic di di d dng hn. Kt hp vi khung chn st l mt bn g cao su tiu chun AA sn PU mu sc p mt, b mt c s l chng thm nc, chng cong vnh m bo  bn cao.', 'HBOM202', 'Vit Nam', 'Cnh gin', 'Chn tr st trn phi 42mm st dy 1.2mm, ging trn st 60x30mm dy 1.2mm', 'G cao su AA dy 17cm, tiu chun xut khu, sn ph PU chng thm', 1, 6, '1 nm', 0);
INSERT INTO `products` VALUES (87, 'K  ti liu h s vn phng bng g THS68066', 1700000, 1700000, 'Vi mt kiu dng dng n gin v hin i, mu k h s THS6866 l s la chn tuyt vi gip gip nh thc tr tng tng v c sng to ca bn. K h s THS68066 c b tr 5 ngn   kh rng ri. Nu c nhiu  tng trang tr cho khng gian lm vic, bn c th b tr thm 2 hoc 3 chic k h s THS6866  c thm ngn lu tr, ng thi gip trang tr cho ni tht vn phng. y l dng k n gin v gn nh, rt ph hp s dng  lm k vn phng, k trang tr hoc c th l k sch cho phng lm vic.', 'THS68066', 'Vit Nam', 'T nhin', '70x70x30cm', 'G cao su tiu chun AA, sn PU / Chn st sn tnh in', 1, 6, '1 nm', 0);
INSERT INTO `products` VALUES (88, 'Gh vn phng lng li chn st m MFJ118', 990000, 990000, 'Gh vn phng lng li chn st m MFJ118 vi phn lng gh khung nha bc li kt hp vi nm ngi bc vi li cao cp, c  n hi cho cm gic ngi rt m i kt hp khung chn st m crome sng bng, chu lc tt. Kiu dng n gin, gam mu en ch o ph hp vi nhiu mc ch s dng trong cc khng gian khc nhau.', 'MFJ118', 'Vit Nam', 'en', '70*50', 'Nha cao cp bc li thong kh', 1, 6, '1 nm', 0);
INSERT INTO `products` VALUES (89, 'Gh cng thi hc lng li cao cp mu en SP-668SJ-1', 3990000, 3990000, 'Gh cng thi hc Ergonomic lng li SP-668SJ-1 l mu gh c thit k theo tiu chun Ergonomic cng thi hc phn khc tm trung vi kiu dng hin i, kch thc tng i ph hp vi hu ht khng gian lm vic hin nay t vn phng n nh . Lng gh cao thit k vi to hnh gm 2 khi m bc li un cong theo hnh gn sng m gn vng xng vai v nng  ct sng lng, mang li t th ngi d chu. m ngi bc li kt cu chun va vn vi khung xng chu, kt hp mt gh hi dc v pha sau nn khi ngi khng b trt v pha trc, gip c nh dng ngi thng.', 'SP-668SJ-1', 'Vit Nam', 'en', '70*120', 'Khung nha cao cp m bo  chc chn v  bn cao. Lng ta bc li thong kh ph hp vi kh hu Vit Nam.', 1, 6, '1 nm', 0);

-- ----------------------------
-- Table structure for role_permission
-- ----------------------------
DROP TABLE IF EXISTS `role_permission`;
CREATE TABLE `role_permission`  (
  `id_role` int NULL DEFAULT NULL,
  `id_permiss` int NULL DEFAULT NULL,
  INDEX `idx_roleid`(`id_role` ASC) USING BTREE,
  INDEX `idx_permissionid`(`id_permiss` ASC) USING BTREE,
  CONSTRAINT `role_permission_ibfk_1` FOREIGN KEY (`id_permiss`) REFERENCES `permission` (`id`) ON DELETE RESTRICT ON UPDATE RESTRICT,
  CONSTRAINT `role_permission_ibfk_2` FOREIGN KEY (`id_role`) REFERENCES `roles` (`id`) ON DELETE RESTRICT ON UPDATE RESTRICT
) ENGINE = InnoDB CHARACTER SET = utf8mb3 COLLATE = utf8mb3_unicode_ci ROW_FORMAT = DYNAMIC;

-- ----------------------------
-- Records of role_permission
-- ----------------------------
INSERT INTO `role_permission` VALUES (8, 1);
INSERT INTO `role_permission` VALUES (8, 2);
INSERT INTO `role_permission` VALUES (8, 3);
INSERT INTO `role_permission` VALUES (8, 24);
INSERT INTO `role_permission` VALUES (3, 10);
INSERT INTO `role_permission` VALUES (3, 11);
INSERT INTO `role_permission` VALUES (3, 12);
INSERT INTO `role_permission` VALUES (3, 30);
INSERT INTO `role_permission` VALUES (4, 25);
INSERT INTO `role_permission` VALUES (4, 26);
INSERT INTO `role_permission` VALUES (5, 4);
INSERT INTO `role_permission` VALUES (5, 5);
INSERT INTO `role_permission` VALUES (5, 6);
INSERT INTO `role_permission` VALUES (5, 15);
INSERT INTO `role_permission` VALUES (6, 13);
INSERT INTO `role_permission` VALUES (6, 21);
INSERT INTO `role_permission` VALUES (7, 20);
INSERT INTO `role_permission` VALUES (2, 28);
INSERT INTO `role_permission` VALUES (2, 29);
INSERT INTO `role_permission` VALUES (2, 18);
INSERT INTO `role_permission` VALUES (2, 19);
INSERT INTO `role_permission` VALUES (2, 14);
INSERT INTO `role_permission` VALUES (9, 16);
INSERT INTO `role_permission` VALUES (9, 17);
INSERT INTO `role_permission` VALUES (1, 1);
INSERT INTO `role_permission` VALUES (1, 2);
INSERT INTO `role_permission` VALUES (1, 3);
INSERT INTO `role_permission` VALUES (1, 4);
INSERT INTO `role_permission` VALUES (1, 5);
INSERT INTO `role_permission` VALUES (1, 6);
INSERT INTO `role_permission` VALUES (1, 10);
INSERT INTO `role_permission` VALUES (1, 11);
INSERT INTO `role_permission` VALUES (1, 12);
INSERT INTO `role_permission` VALUES (1, 13);
INSERT INTO `role_permission` VALUES (1, 14);
INSERT INTO `role_permission` VALUES (1, 15);
INSERT INTO `role_permission` VALUES (1, 16);
INSERT INTO `role_permission` VALUES (1, 17);
INSERT INTO `role_permission` VALUES (1, 18);
INSERT INTO `role_permission` VALUES (1, 19);
INSERT INTO `role_permission` VALUES (1, 20);
INSERT INTO `role_permission` VALUES (1, 21);
INSERT INTO `role_permission` VALUES (1, 22);
INSERT INTO `role_permission` VALUES (1, 23);
INSERT INTO `role_permission` VALUES (1, 25);
INSERT INTO `role_permission` VALUES (1, 26);
INSERT INTO `role_permission` VALUES (1, 27);
INSERT INTO `role_permission` VALUES (1, 28);
INSERT INTO `role_permission` VALUES (1, 29);
INSERT INTO `role_permission` VALUES (1, 30);
INSERT INTO `role_permission` VALUES (1, 24);

-- ----------------------------
-- Table structure for roles
-- ----------------------------
DROP TABLE IF EXISTS `roles`;
CREATE TABLE `roles`  (
  `id` int NOT NULL AUTO_INCREMENT,
  `title` varchar(255) CHARACTER SET utf8mb3 COLLATE utf8mb3_unicode_ci NOT NULL,
  PRIMARY KEY (`id`, `title`) USING BTREE,
  UNIQUE INDEX `title`(`title` ASC) USING BTREE
) ENGINE = InnoDB AUTO_INCREMENT = 23 CHARACTER SET = utf8mb3 COLLATE = utf8mb3_unicode_ci ROW_FORMAT = DYNAMIC;

-- ----------------------------
-- Records of roles
-- ----------------------------
INSERT INTO `roles` VALUES (1, 'admin');
INSERT INTO `roles` VALUES (22, 'ngi dng');
INSERT INTO `roles` VALUES (9, 'quan ly danh muc san phm');
INSERT INTO `roles` VALUES (2, 'quan ly n hang');
INSERT INTO `roles` VALUES (6, 'quan ly kho');
INSERT INTO `roles` VALUES (4, 'quan ly log');
INSERT INTO `roles` VALUES (5, 'quan ly quyn');
INSERT INTO `roles` VALUES (8, 'quan ly san phm');
INSERT INTO `roles` VALUES (7, 'quan ly thng tin website');
INSERT INTO `roles` VALUES (3, 'quan ly user');

-- ----------------------------
-- Table structure for slideimg
-- ----------------------------
DROP TABLE IF EXISTS `slideimg`;
CREATE TABLE `slideimg`  (
  `slider_id` int NOT NULL AUTO_INCREMENT,
  `slider_url` varchar(255) CHARACTER SET utf8mb4 COLLATE utf8mb4_unicode_ci NULL DEFAULT NULL,
  `slider_active` int NULL DEFAULT NULL,
  PRIMARY KEY (`slider_id`) USING BTREE
) ENGINE = InnoDB CHARACTER SET = utf8mb4 COLLATE = utf8mb4_unicode_ci ROW_FORMAT = DYNAMIC;

-- ----------------------------
-- Records of slideimg
-- ----------------------------

-- ----------------------------
-- Table structure for transports
-- ----------------------------
DROP TABLE IF EXISTS `transports`;
CREATE TABLE `transports`  (
  `id` varchar(255) CHARACTER SET utf8mb4 COLLATE utf8mb4_unicode_ci NOT NULL,
  `id_order` int NULL DEFAULT NULL,
  `created_at` varchar(255) CHARACTER SET utf8mb4 COLLATE utf8mb4_unicode_ci NULL DEFAULT NULL,
  `leadTime` varbinary(255) NULL DEFAULT NULL,
  PRIMARY KEY (`id`) USING BTREE
) ENGINE = InnoDB CHARACTER SET = utf8mb4 COLLATE = utf8mb4_unicode_ci ROW_FORMAT = DYNAMIC;

-- ----------------------------
-- Records of transports
-- ----------------------------
INSERT INTO `transports` VALUES ('0293179388e143c9bb0acb884b7a720b', 13, '04/05/2023', 0x30372F30352F32303233);
INSERT INTO `transports` VALUES ('0b47758fdba14d05b1eb173c78396083', 17, '04/05/2023', 0x30372F30352F32303233);
INSERT INTO `transports` VALUES ('1a456b5e296b4906a5923c6a5cd0b341', 19, '12/06/2023', 0x31352F30362F32303233);
INSERT INTO `transports` VALUES ('23bf55c0a95243fa83d6d581f5927a00', 16, '04/05/2023', 0x30372F30352F32303233);
INSERT INTO `transports` VALUES ('4bd64a48790a433f914716d1d7be1df5', 14, '04/05/2023', 0x30372F30352F32303233);
INSERT INTO `transports` VALUES ('b32c002cd209426eab4bfe8504d9f8e2', 18, '04/05/2023', 0x30372F30352F32303233);
INSERT INTO `transports` VALUES ('bfb9df49f70b4c4fbdad8b54d64b57d6', 23, '16/06/2023', 0x31392F30362F32303233);
INSERT INTO `transports` VALUES ('c6c7c2bef15b4361a7561c76b6fef41e', 12, '04/05/2023', 0x30372F30352F32303233);
INSERT INTO `transports` VALUES ('cc0a8c3bfaa44bad9a08312a81b5b4c7', 24, '21/06/2023', 0x32342F30362F32303233);
INSERT INTO `transports` VALUES ('dbd03e166cd947e18ae13b23f36a1af6', 25, '20/06/2023', 0x32332F30362F32303233);
INSERT INTO `transports` VALUES ('e4b49a0e006443bebd9bee2a32c5910d', 26, '13/06/2023', 0x31362F30362F32303233);
INSERT INTO `transports` VALUES ('ea90a77214fc4ab3a2b1d22af08eb0c7', 15, '04/05/2023', 0x30372F30352F32303233);
INSERT INTO `transports` VALUES ('efe7e4a2a5e04534af5f35bee88a19b7', 27, '17/06/2023', 0x32302F30362F32303233);
INSERT INTO `transports` VALUES ('f6e843b87efe48d98a1723fddd7ab769', 20, '12/06/2023', 0x31352F30362F32303233);
INSERT INTO `transports` VALUES ('ff739501d2e8429e9a01153923a7562a', 22, '13/06/2023', 0x31362F30362F32303233);

-- ----------------------------
-- Table structure for users
-- ----------------------------
DROP TABLE IF EXISTS `users`;
CREATE TABLE `users`  (
  `uid` int NOT NULL AUTO_INCREMENT,
  `user_name` varchar(50) CHARACTER SET utf8mb4 COLLATE utf8mb4_unicode_ci NOT NULL,
  `password` varchar(255) CHARACTER SET utf8mb4 COLLATE utf8mb4_unicode_ci NULL DEFAULT NULL,
  `role` int NULL DEFAULT NULL,
  `full_name` varchar(255) CHARACTER SET utf8mb4 COLLATE utf8mb4_unicode_ci NULL DEFAULT NULL,
  `phone_num` varchar(12) CHARACTER SET utf8mb4 COLLATE utf8mb4_unicode_ci NULL DEFAULT NULL,
  `email` varchar(255) CHARACTER SET utf8mb4 COLLATE utf8mb4_unicode_ci NULL DEFAULT NULL,
  `address` varchar(255) CHARACTER SET utf8mb4 COLLATE utf8mb4_unicode_ci NULL DEFAULT NULL,
  `gender` varchar(255) CHARACTER SET utf8mb4 COLLATE utf8mb4_unicode_ci NULL DEFAULT NULL,
  `enable` int NOT NULL,
  `num_log_in` int NULL DEFAULT NULL,
  PRIMARY KEY (`uid`, `user_name`) USING BTREE,
  INDEX `uid`(`uid` ASC) USING BTREE,
  INDEX `user_name`(`user_name` ASC) USING BTREE
) ENGINE = InnoDB AUTO_INCREMENT = 70 CHARACTER SET = utf8mb4 COLLATE = utf8mb4_unicode_ci ROW_FORMAT = DYNAMIC;

-- ----------------------------
-- Records of users
-- ----------------------------
INSERT INTO `users` VALUES (11, 'huyen', '5994471abb01112afcc18159f6cc74b4f511b99806da59b3caf5a9c173cacfc5', 1, 'Nlu', NULL, '20130013@st.hcmuaf.edu.vn', NULL, 'n', 1, NULL);
INSERT INTO `users` VALUES (13, 'dung', 'dcba4dc5e7b929e71c6978efcf274cc40d280be701562c6c5b805c6491a5c824', 1, 'l nh quc dng', NULL, 'quocdungledinh@gmail.com', NULL, 'nam', 1, NULL);
INSERT INTO `users` VALUES (25, 'dung4', 'dcba4dc5e7b929e71c6978efcf274cc40d280be701562c6c5b805c6491a5c824', 0, 'l nh quc dng', '0355806119', 'quocdungledinh@gmail.com', 'KTX khu B HQG, ng Hoa, Di An, Binh Dng', 'nam', 1, 2);
INSERT INTO `users` VALUES (26, 'dung6', 'dcba4dc5e7b929e71c6978efcf274cc40d280be701562c6c5b805c6491a5c824', 0, 'l nh quc dng', NULL, 'quocdungledinh@gmail.com', NULL, 'nam', 1, 6);
INSERT INTO `users` VALUES (30, 't4', 'dcba4dc5e7b929e71c6978efcf274cc40d280be701562c6c5b805c6491a5c824', 0, 'test4', NULL, 'test@gmail.com', NULL, NULL, 1, NULL);
INSERT INTO `users` VALUES (34, 't8', 'dcba4dc5e7b929e71c6978efcf274cc40d280be701562c6c5b805c6491a5c824', 0, NULL, NULL, '0', NULL, NULL, 1, NULL);
INSERT INTO `users` VALUES (35, 't9', 'dcba4dc5e7b929e71c6978efcf274cc40d280be701562c6c5b805c6491a5c824', 0, NULL, NULL, '0', NULL, NULL, 1, NULL);
INSERT INTO `users` VALUES (38, 't12', 'dcba4dc5e7b929e71c6978efcf274cc40d280be701562c6c5b805c6491a5c824', 0, 'o tht y', NULL, 'quocdungledinh@gmail.com', NULL, NULL, 2, NULL);
INSERT INTO `users` VALUES (40, 't14', 'dcba4dc5e7b929e71c6978efcf274cc40d280be701562c6c5b805c6491a5c824', 0, NULL, NULL, 'quocdungledinh@gmail.com', NULL, NULL, 0, NULL);
INSERT INTO `users` VALUES (54, 'dung2', 'dcba4dc5e7b929e71c6978efcf274cc40d280be701562c6c5b805c6491a5c824', 0, 'l nh quc dng', NULL, 'quocdungledinh@gmail.com', NULL, 'nam', 1, 0);
INSERT INTO `users` VALUES (55, 'dung12', 'dcba4dc5e7b929e71c6978efcf274cc40d280be701562c6c5b805c6491a5c824', 0, 'l nh quc dng', '0355806119', 'quocdungledinh@gmail.com', '', 'nam', 1, 1);
INSERT INTO `users` VALUES (56, 'test1', 'dcba4dc5e7b929e71c6978efcf274cc40d280be701562c6c5b805c6491a5c824', 0, 'l nh quc dng', '', 'quocdungledinh@gmail.com', '', 'nam', 1, 0);
INSERT INTO `users` VALUES (57, 'admin', 'dcba4dc5e7b929e71c6978efcf274cc40d280be701562c6c5b805c6491a5c824', 1, 'admin', '0333027154', 'quocdungledinh@gmail.com', NULL, 'nam', 1, NULL);
INSERT INTO `users` VALUES (58, 'datt', 'f0fce59379cc3c4e9e99a848f03e650373c1d6e62ae1a05644c86f8c6e502b9a', 0, 'Nguyn Thnh t', '0867155409', 'ngthanh.dat1305@gmail.com', 'Th c', 'nam', 1, 0);
INSERT INTO `users` VALUES (59, 'Nguyn Thnh t', 'b7a8240da0e4ee5e13794fbd7bacc168023592f17ea7830bae67e981c1ffd66d', 0, 'Nguyn Thnh t', NULL, '20130013@st.hcmuaf.edu.vn', NULL, 'null', 0, 0);
INSERT INTO `users` VALUES (60, 'L Dng', '1ec7c8606082177a116b3ea4446307eaa3d8936dd4f3da545fca6af8d7665ceb', 0, 'L Dng', NULL, 'quocdungledinh@gmail.com', NULL, 'null', 0, 0);
INSERT INTO `users` VALUES (61, 'Thnh t Nguyn', '71af45ad57e9219e5dd1260d70617a0e149e30fa75938127205eac83ed9b3909', 0, 'Thnh t Nguyn', NULL, 'ngthanh.dat1305@gmail.com', NULL, 'null', 0, 0);
INSERT INTO `users` VALUES (62, 'ga la', '6bbc041675ca2df05887663d68e0162c285ce348fc9c7a3f6f09fc113ffd2bf2', 0, 'ga la', NULL, 'laga2134@gmail.com', NULL, 'null', 0, 0);
INSERT INTO `users` VALUES (63, 'dung5', 'dcba4dc5e7b929e71c6978efcf274cc40d280be701562c6c5b805c6491a5c824', 0, 'l nh quc dng', NULL, 'quocdungledinh@gmail.com', NULL, 'nam', 0, 0);
INSERT INTO `users` VALUES (64, 'usertest', 'c015bc9b6d57b9f1ca4fa1e2eaec1722f076c8a698476403b202d3db5edf6438', 0, 'Nguyn Vn A', NULL, 'kieudiem.to2006@gmail.com', NULL, 'nam', 1, 2);
INSERT INTO `users` VALUES (65, 'test5', 'dcba4dc5e7b929e71c6978efcf274cc40d280be701562c6c5b805c6491a5c824', 0, 'test5', NULL, 'quocdungledinh@gmail.com', NULL, 'nam', 0, 0);
INSERT INTO `users` VALUES (66, 'test9', 'dcba4dc5e7b929e71c6978efcf274cc40d280be701562c6c5b805c6491a5c824', 0, 'test9', NULL, 'quocdungledinh@gmail.com', NULL, 'nam', 0, 0);
INSERT INTO `users` VALUES (67, 'testt1', 'dcba4dc5e7b929e71c6978efcf274cc40d280be701562c6c5b805c6491a5c824', 0, 'l nh quc dng', NULL, 'quocdungledinh@gmail.com', NULL, 'nam', 1, 0);
INSERT INTO `users` VALUES (68, 'test10', 'a665a45920422f9d417e4867efdc4fb8a04a1f3fff1fa07e998e86f7f7a27ae3', 0, 'test10', NULL, 'quocdungledinh@gmail.com', NULL, 'nam', 1, 0);
INSERT INTO `users` VALUES (69, 'tmdt2024', 'ed0d841fe3e187be315ff6d45c116d9271b5e1c713f541005998e93feeca552c', 1, 'Thng mi in t', '0123456789', 'rivasvow@gmail.com', 'i hc Nng Lm', 'nam', 1, 0);

-- ----------------------------
-- Table structure for verify
-- ----------------------------
DROP TABLE IF EXISTS `verify`;
CREATE TABLE `verify`  (
  `uid` int NOT NULL,
  `token` varchar(128) CHARACTER SET utf8mb3 COLLATE utf8mb3_unicode_ci NOT NULL,
  `created_date` timestamp NULL DEFAULT NULL,
  `token_expiry` timestamp NULL DEFAULT NULL,
  PRIMARY KEY (`uid`, `token`) USING BTREE,
  UNIQUE INDEX `token`(`token` ASC) USING BTREE,
  CONSTRAINT `verify_ibfk_1` FOREIGN KEY (`uid`) REFERENCES `users` (`uid`) ON DELETE RESTRICT ON UPDATE RESTRICT
) ENGINE = InnoDB CHARACTER SET = utf8mb3 COLLATE = utf8mb3_unicode_ci ROW_FORMAT = DYNAMIC;

-- ----------------------------
-- Records of verify
-- ----------------------------
INSERT INTO `verify` VALUES (55, '53500934e5b6ca90ecd1354cd6cae964bbd38c0cac25d10032427624af8db256', '2023-04-20 17:15:33', '2023-04-21 17:15:33');
INSERT INTO `verify` VALUES (63, '14f8fd6b6e349ee65a0575da949b07bb0e579f8181aaac360248747846d02334', '2023-06-20 14:27:30', '2023-06-21 14:27:30');
INSERT INTO `verify` VALUES (65, '325ac0a926cabe47d099d6e5bd3a23450ec59289b954a1b0f6fa1cd327ded924', '2023-06-21 05:42:21', '2023-06-22 05:42:21');
INSERT INTO `verify` VALUES (66, 'cccc2f852807fd76012fd0aa774c388cd7a7801a4b0a63eb94f054f162637dee', '2023-06-21 05:47:49', '2023-06-22 05:47:49');

SET FOREIGN_KEY_CHECKS = 1;
